ItemName,Price,Href
"HP 15 (2021) Thin & Light 11th Gen Core i5 Laptop, 8 GB RAM, 512GB SSD, 15.6-inch (39.62 cms) FHD Screen, Windows 10, MS Office, Built-in Alexa (15s-fq2535TU)","59,653",https://www.amazon.in/gp/slredirect/picassoRedirect.html/ref=pa_sp_atf_aps_sr_pg1_1?ie=UTF8&adId=A01837343K0AJ0Z9YKN83&url=%2FHP-Laptop-15-6-inch-Windows-15s-fq2535TU%2Fdp%2FB08XNYN5QV%2Fref%3Dsr_1_1_sspa%3Fdchild%3D1%26keywords%3DLaptop%26qid%3D1621154649%26sr%3D8-1-spons%26psc%3D1&qualifier=1621154649&id=8672962108986913&widgetName=sp_atf
"Acer Nitro 5 Intel Core i7-11th Generation 144 Hz Refresh Rate 15.6-inch (39.62 cms) Gaming Laptop (8GB Ram/1TB SSD/Win10/GTX 1650 Graphics/Obsidian Black/2.2 Kgs), AN515-56 + Xbox Game Pass for PC","84,990",https://www.amazon.in/gp/slredirect/picassoRedirect.html/ref=pa_sp_atf_aps_sr_pg1_1?ie=UTF8&adId=A06105442MOQRK8P55FJ0&url=%2FAcer-Generation-15-6-inch-Graphics-AN515-56%2Fdp%2FB0923Z27TX%2Fref%3Dsr_1_2_sspa%3Fdchild%3D1%26keywords%3DLaptop%26qid%3D1621154649%26sr%3D8-2-spons%26psc%3D1&qualifier=1621154649&id=8672962108986913&widgetName=sp_atf
"HP 15 Intel Pentium Gold 6405U Processor Entry Level 15.6-inch (39.62 cms) FHD Laptop (4GB/1TB/Win 10/Jet Black/1.74kg), 15s-du1052tu","25,990",https://www.amazon.in/HP-Pentium-Processor-15-6-inch-15s-du1052tu/dp/B08HJZHTM1/ref=sr_1_5?dchild=1&keywords=Laptop&qid=1621154649&sr=8-5
"AVITA Essential NE14A2INC433-MB 14"" (35.56cms) Laptop (Celeron N4000/4GB/128GB SSD/Window 10 Home in S Mode/Integrated Graphics), Matt Black","17,990",https://www.amazon.in/AVITA-Essential-NE14A2INC433-MB-Integrated-Graphics/dp/B08DDZLCQF/ref=sr_1_6?dchild=1&keywords=Laptop&qid=1621154649&sr=8-6
"Lenovo Ideapad Slim 3 AMD Athlon Silver 3050U 15.6"" (39.62cms) (15.6"")HD Thin and Light Laptop (4GB/1TB HDD/Windows 10/MS Office 2019/Platinum Grey/1.85Kg), 81W100HKIN","28,240",https://www.amazon.in/Lenovo-Ideapad-Windows-Platinum-81W100HKIN/dp/B08CQG6PDK/ref=sr_1_9?dchild=1&keywords=Laptop&qid=1621154649&sr=8-9
"Dell Inspiron 3505 15.6"" FHD Display Laptop (R5-3450U / 8GB / 1TB + 256Gb SSD / Vega Graphics / Win 10 + MSO / Soft Mint Color) D560432WIN9S","49,990",https://www.amazon.in/Dell-Inspiron-R5-3450U-Graphics-D560432WIN9S/dp/B0919HGZXG/ref=sr_1_10?dchild=1&keywords=Laptop&qid=1621154649&sr=8-10
"Lenovo IdeaPad Flex 5 11th Gen Intel Core i3 14-inch FHD IPS 2-in-1 Touchscreen Laptop (8GB/256GB SSD/Win 10/Office 2019/Lenovo Digital Pen Stylus/Fingerprint Reader/Graphite Grey/1.5Kg), 82HS008YIN","50,990",https://www.amazon.in/gp/slredirect/picassoRedirect.html/ref=pa_sp_mtf_aps_sr_pg1_1?ie=UTF8&adId=A0468549204D0CG7DMCBB&url=%2FLenovo-Touchscreen-Fingerprint-Graphite-82HS008YIN%2Fdp%2FB08W9WK8Q9%2Fref%3Dsr_1_11_sspa%3Fdchild%3D1%26keywords%3DLaptop%26qid%3D1621154649%26sr%3D8-11-spons%26psc%3D1&qualifier=1621154649&id=8672962108986913&widgetName=sp_mtf
"Lenovo Legion 5 AMD Ryzen 5 4600H 15.6 inch (39.62 cms) Full HD IPS Gaming Laptop (8GB/1TB HDD + 256GB SSD/Windows 10/120 Hz/NVIDIA GTX 1650 4GB GDDR6 Graphics/Phantom Black/2.3Kg), 82B500MMIN","66,990",https://www.amazon.in/gp/slredirect/picassoRedirect.html/ref=pa_sp_mtf_aps_sr_pg1_1?ie=UTF8&adId=A08344873JCDQBFV4HSU6&url=%2FLenovo-Windows-Graphics-Phantom-82B500MMIN%2Fdp%2FB08JLR7LPQ%2Fref%3Dsr_1_12_sspa%3Fdchild%3D1%26keywords%3DLaptop%26qid%3D1621154649%26sr%3D8-12-spons%26psc%3D1&qualifier=1621154649&id=8672962108986913&widgetName=sp_mtf
"LifeDigital ZED AIR CX3 Laptop, 15.6"" (39.62 cms) IPS FHD, Intel® Core™ i3 5005u/4GB RAM/1TB HDD+128GB Storage/Camera/Type-C Data/Win10, Black","24,990",https://www.amazon.in/LifeDigital-Laptop-Intel%C2%AE-CoreTM-Storage/dp/B08HRK3CCX/ref=sr_1_13?dchild=1&keywords=Laptop&qid=1621154649&sr=8-13
"HP Chromebook 14a-na0003TU 14-inch (35.56 cms) Thin & Light Touchscreen Laptop (Intel N4020/4GB/64GB SSD + 256GB Expandable/Chrome OS/1.46 kgs Light), Mineral Silver","24,990",https://www.amazon.in/HP-Chromebook-14a-na0003TU-Touchscreen-Expandable/dp/B08C5W6PL2/ref=sr_1_14?dchild=1&keywords=Laptop&qid=1621154649&sr=8-14
"Lenovo Ideapad Slim 3 AMD Ryzen 3 15.6 inch (39.62 cms) Full HD Thin and Light Laptop (4GB/1TB HDD/Windows 10/MS Office 2019/Platinum Grey/1.85Kg), 81W10057IN","30,890",https://www.amazon.in/Lenovo-Ideapad-Windows-Platinum-81W10057IN/dp/B087D3JHGB/ref=sr_1_15?dchild=1&keywords=Laptop&qid=1621154649&sr=8-15
"HP 15 AMD Athlon 15.6"" (39.62cms) HD Laptop (Silver-3050U/4GB/1TB/Win 10/MS Office/Jet Black/1.85kg), 15s-gy0001au","26,990",https://www.amazon.in/HP-Athlon-15-6-inch-Silver-3050U-15s-gy0001au/dp/B08HJYFZ14/ref=sr_1_16?dchild=1&keywords=Laptop&qid=1621154649&sr=8-16
"HP 15(2021) 5th Gen Ryzen 5 5500U Laptop with Alexa Built-in, 8GB RAM, 512GB SSD, 15.6-Inch(39.6 cm) FHD Screen, Windows 10, MS Office, (15s-eq2040au)","48,990",https://www.amazon.in/HP-Laptop-15-6-Inch-Windows-15s-eq2040au/dp/B093Q3R1VV/ref=sr_1_17?dchild=1&keywords=Laptop&qid=1621154649&sr=8-17
"HP 15 Thin & Light Ryzen 3-3250 Laptop, 4 GB RAM, 1TB HDD, 38.1 cms (15"") FHD Screen, Windows 10, MS Office (15s-gr0006au)","31,478",https://www.amazon.in/HP-db1060au-Laptop-Ryzen3-Microsoft-Natural/dp/B083SNGBLF/ref=sr_1_18?dchild=1&keywords=Laptop&qid=1621154649&sr=8-18
"Dell Inspiron 3501 15.6"" (39.62 cms) FHD AG Display Laptop (i3-1005G1 / 8GB / 1TB / Integrated Graphics / Win 10 + MSO / Softmint) D560421WIN9S","39,939",https://www.amazon.in/Dell-Inspiron-i3-1005G1-Integrated-D560421WIN9S/dp/B08X4NB38M/ref=sr_1_19?dchild=1&keywords=Laptop&qid=1621154649&sr=8-19
"HP 14(2021) 10th Gen Intel Core i3 Laptop with Alexa Built-in, 8GB RAM, 256GB SSD, 14-Inch(35.6 cm) FHD Screen, Windows 10, MS Office, (14s- dy2501tu)","40,990",https://www.amazon.in/HP-Laptop-14-Inch-Windows-dy2501tu/dp/B093VZC5X9/ref=sr_1_20?dchild=1&keywords=Laptop&qid=1621154649&sr=8-20
"Lenovo IdeaPad Flex 5 AMD Ryzen 5 4500U 14"" FHD IPS 2-in-1 Touchscreen Laptop (8GB/512GB SSD/Win 10/Office/AMD Radeon GFX/Lenovo Digital Pen Stylus/Fingerprint Reader/Graphite Grey/1.5Kg), 81X2004RIN","59,990",https://www.amazon.in/gp/slredirect/picassoRedirect.html/ref=pa_sp_btf_aps_sr_pg1_1?ie=UTF8&adId=A00322123GJS0O5ES5JSL&url=%2FLenovo-Convertible-Integrated-Graphics-81X2004RIN%2Fdp%2FB087D47T28%2Fref%3Dsr_1_21_sspa%3Fdchild%3D1%26keywords%3DLaptop%26qid%3D1621154649%26sr%3D8-21-spons%26psc%3D1&qualifier=1621154649&id=8672962108986913&widgetName=sp_btf
"Lenovo Ideapad L340 Intel Core i5 9th Gen 15.6” FHD Gaming (8GB/1TB HDD/Windows 10/NVIDIA GeForce GTX 10503GB GDDR5/Granite Black/2.19kg),81LK01QTIN","49,490",https://www.amazon.in/gp/slredirect/picassoRedirect.html/ref=pa_sp_btf_aps_sr_pg1_1?ie=UTF8&adId=A08662873K64VNMX9DXEC&url=%2FLenovo-Ideapad-Windows-GeForce-81LK01QTIN%2Fdp%2FB092MTLNBB%2Fref%3Dsr_1_22_sspa%3Fdchild%3D1%26keywords%3DLaptop%26qid%3D1621154649%26sr%3D8-22-spons%26psc%3D1&qualifier=1621154649&id=8672962108986913&widgetName=sp_btf
"Acer Nitro 5 Ryzen 5 4600H 15.6-inch Display Thin and Light Gaming Laptop (16GB RAM/512 GB SSD/Win10/GTX 1650 Graphics/Obsidian Black/2.3 Kgs), AN515-44 + Xbox Game Pass for PC","68,990",https://www.amazon.in/gp/slredirect/picassoRedirect.html/ref=pa_sp_atf_next_aps_sr_pg2_1?ie=UTF8&adId=A068315927YSMTNMBGYA2&url=%2FAcer-15-6-inch-Graphics-Obsidian-AN515-44%2Fdp%2FB092VM8GGF%2Fref%3Dsr_1_17_sspa%3Fdchild%3D1%26keywords%3DLaptop%26qid%3D1621154671%26sr%3D8-17-spons%26psc%3D1&qualifier=1621154671&id=2948839250075733&widgetName=sp_atf_next
"Lenovo IdeaPad Slim 5 11th Gen Intel Core i5 14"" FHD IPS Thin & Light Laptop (8GB/512GB SSD/Win 10/Office/Intel Iris Xe Graphics/Fingerprint Reader/Graphite Grey/Aluminium Surface/1.39Kg), 82FE00K0IN","57,990",https://www.amazon.in/gp/slredirect/picassoRedirect.html/ref=pa_sp_atf_next_aps_sr_pg2_1?ie=UTF8&adId=A0435317HX4OAB4G3ZR2&url=%2FLenovo-Graphics-Fingerprint-Aluminium-82FE00K0IN%2Fdp%2FB08WR9PF4K%2Fref%3Dsr_1_18_sspa%3Fdchild%3D1%26keywords%3DLaptop%26qid%3D1621154671%26sr%3D8-18-spons%26psc%3D1&qualifier=1621154671&id=2948839250075733&widgetName=sp_atf_next
"Lenovo Ideapad Slim 3 10th Gen Intel Core i3 15.6 inch (39.62 cms) Full HD Thin and Light Laptop (4GB/1TB HDD/Windows 10/MS Office 2019/Platinum Grey/1.85Kg), 81WE00RCIN","33,990",https://www.amazon.in/Lenovo-Ideapad-Windows-Platinum-81WE00RCIN/dp/B08CQ9C48X/ref=sr_1_20?dchild=1&keywords=Laptop&qid=1621154671&sr=8-20
"Dell Inspiron 3505 15.6"" (39.62 cms) FHD AG Display Laptop ( Ryzen3 3250U / 8GB / 1TB / Integrated Graphics / Win 10 + MSO / Accent Black) D560406WIN9BE","34,190",https://www.amazon.in/Dell-Inspiron-Integrated-Graphics-D560406WIN9BE/dp/B08MQ718SY/ref=sr_1_21?dchild=1&keywords=Laptop&qid=1621154671&sr=8-21
"Del Inspiron 3501 15.6"" FHD Display Laptop (11th Gen i5-1135G7 / 8GB / 1TB HDD + 256GB SSD / NVIDIA MX330 2GB GDDR5/ Win 10 + MSO /Soft Mint) D560438WIN9SE","63,000",https://www.amazon.in/Inspiron-Display-Laptop-i5-1135G7-D560438WIN9SE/dp/B08X4NT9SD/ref=sr_1_17?dchild=1&keywords=Laptop&qid=1621154671&sr=8-17
"Dell Inspiron 3505 15.6"" FHD Display Laptop (R3-3250U / 8GB / 1TB HDD / Integrated Graphics / Win 10 + MSO / Soft Mint) D560429WIN9S","35,690",https://www.amazon.in/Dell-Inspiron-3505-Integrated-D560429WIN9S/dp/B093H9FG45/ref=sr_1_18?dchild=1&keywords=Laptop&qid=1621154671&sr=8-18
"(Renewed) Dell Latitude E3380 13.5-Inch Laptop (Core i5 7th Gen/8GB RAM(Upgradable to 16)/256GB SSD/Windows 10 Pro/MS Office 2019/More than 4 GB Intel Integrated Graphics,Backlit Keyboard), Black","42,999",https://www.amazon.in/Dell-Latitude-13-5-Inch-Upgradable-Integrated/dp/B09415HRKT/ref=sr_1_19?dchild=1&keywords=Laptop&qid=1621154671&sr=8-19
Lenovo IdeaPad D330 Intel Celeron N4000 10.1-inch HD IPS 2-in-1 Touchscreen Detachable Laptop (4GB/128GB eMMC/Win10/Lenovo Active Pen Stylus/Front +Rear Camera/HD Audio/Mineral Grey/1.14Kg) 81H3S01S00,"24,300",https://www.amazon.in/Lenovo-10-1-inch-Touchscreen-Detachable-81H3S01S00/dp/B08P7M9Y59/ref=sr_1_20?dchild=1&keywords=Laptop&qid=1621154671&sr=8-20
"Lenovo Ideapad S145 AMD RYZEN 3 3200U 15.6-inch (39.62 cms) FHD Laptop (4GB/1TB/Windows 10/Office 2019/Grey/1.85Kg),81UT001CIN","29,490",https://www.amazon.in/Lenovo-Ideapad-15-6-inch-Windows-81UT001CIN/dp/B07X45PMXF/ref=sr_1_21?dchild=1&keywords=Laptop&qid=1621154671&sr=8-21
"Lenovo Legion 5 AMD Ryzen 5 4600H 15.6 inch (39.62 cms) Full HD Gaming Laptop (8GB/1TB HDD + 256GB SSD/Windows 10/120 Hz/NVIDIA GTX 1650 4GB GDDR6 Graphics/Phantom Black/2.3Kg), 82B500BHIN","67,990",https://www.amazon.in/gp/slredirect/picassoRedirect.html/ref=pa_sp_mtf_aps_sr_pg2_1?ie=UTF8&adId=A10157931N88KC7WG2GAO&url=%2FLenovo-Windows-Graphics-Phantom-82B500BHIN%2Fdp%2FB08GG8WCW7%2Fref%3Dsr_1_22_sspa%3Fdchild%3D1%26keywords%3DLaptop%26qid%3D1621154671%26sr%3D8-22-spons%26psc%3D1&qualifier=1621154671&id=2948839250075733&widgetName=sp_mtf
"Lenovo Legion 5 10th Gen Intel Core i5 15.6 inch (39.62 cms) Full HD IPS Gaming Laptop (8GB/1TB HDD + 256GB SSD/Windows 10/120 Hz/NVIDIA GTX 1650 4GB GDDR6 Graphics/Phantom Black/2.3Kg), 82AU00KEIN","70,990",https://www.amazon.in/gp/slredirect/picassoRedirect.html/ref=pa_sp_mtf_aps_sr_pg2_1?ie=UTF8&adId=A0834767XI2VH1IX7RAE&url=%2FLenovo-Windows-Graphics-Phantom-82AU00KEIN%2Fdp%2FB08JLR75BD%2Fref%3Dsr_1_23_sspa%3Fdchild%3D1%26keywords%3DLaptop%26qid%3D1621154671%26sr%3D8-23-spons%26psc%3D1&qualifier=1621154671&id=2948839250075733&widgetName=sp_mtf
"Lenovo IdeaPad Slim 3 10th Gen Intel Core i5 14 inch Full HD Thin and Light Laptop (8GB/512GB SSD/Windows 10/MS Office 2019/Platinum Grey/1.6Kg), 81WD00TLIN","50,990",https://www.amazon.in/Lenovo-IdeaPad-Windows-Platinum-81WD00TLIN/dp/B08JCGNJHQ/ref=sr_1_24?dchild=1&keywords=Laptop&qid=1621154671&sr=8-24
"Lenovo IdeaPad Slim 3 10th Gen Intel Core i3 14 inch (35.56 cms) Full HD Thin and Light Laptop (8GB/256GB SSD/Windows 10/MS Office 2019/Platinum Grey/1.6Kg), 81WD00TJIN","36,490",https://www.amazon.in/Lenovo-IdeaPad-Windows-Platinum-81WD00TJIN/dp/B08JCP9T7D/ref=sr_1_25?dchild=1&keywords=Laptop&qid=1621154671&sr=8-25
"HP 15 10th Gen Intel Core i3 Processor 15.6-inch(39.6 cm) FHD Laptop (8GB/256GB SSD+1TB HDD/Windows 10/MS Office/Jet Black/1.74Kg), 15s-du1064TU","44,990",https://www.amazon.in/HP-15-6-inch-Laptop-i3-10110U-15s-du1064TU/dp/B08HJZLW96/ref=sr_1_26?dchild=1&keywords=Laptop&qid=1621154671&sr=8-26
"HP 15 (2021) Thin & Light Ryzen 3-3250 Laptop, 8 GB RAM, 1TB HDD, 38.1 cms (15"") FHD Screen, Windows 10, MS Office (15s-gr0011AU)","34,990",https://www.amazon.in/HP-3-3250-Laptop-Windows-15s-gr0011AU/dp/B08T6SJ215/ref=sr_1_27?dchild=1&keywords=Laptop&qid=1621154671&sr=8-27
"(Renewed) Lenovo Thinkpad L450 14 inch Laptop (Core i5 5th Gen/8GB/256 GB SSD/Windows 10 Pro/ Webcam/Bluetooth/WiFi/Integrated Graphics), Black","30,990",https://www.amazon.in/Lenovo-Thinkpad-Bluetooth-Integrated-Graphics/dp/B00V0YIUXE/ref=sr_1_28?dchild=1&keywords=Laptop&qid=1621154671&sr=8-28
"(Renewed) HP Elitebook Laptop 640G1 Intel Core i5 - 4300M Processor, 8 GB Ram & 128 GB SSD, Win10, 14.1 inches, Optical Drive Notebook Computer","31,290",https://www.amazon.in/Renewed-HP-Elitebook-Laptop-640G1/dp/B094PX971J/ref=sr_1_29?dchild=1&keywords=Laptop&qid=1621154671&sr=8-29
"(Renewed) HP Elitebook Laptop 640G1 Intel Core i5 - 4300M Processor, 8 GB Ram & 256 GB SSD, Win10, 14.1 inches, Optical Drive Notebook Computer","32,090",https://www.amazon.in/Renewed-HP-Elitebook-Laptop-640G1/dp/B094PRS4KP/ref=sr_1_30?dchild=1&keywords=Laptop&qid=1621154671&sr=8-30
"Avita Essential NE14A2INC433-MW 14-inch Laptop (Celeron N4000/4GB/128GB SSD/Window 10 Home in S Mode/Integrated Graphics), Matt White","19,200",https://www.amazon.in/Essential-NE14A2INC433-MW-14-inch-Integrated-Graphics/dp/B08DDZL52Y/ref=sr_1_31?dchild=1&keywords=Laptop&qid=1621154671&sr=8-31
"Lenovo Yoga Slim 7i 10th Gen Intel Core i5 14"" FHD IPS Thin & Light Laptop (8GB/512GB SSD/Win10/Office 2019/NVIDIA MX350 2GB GDDR5 Graphics/1.55Kg) 82A1009LIN + Lenovo Laptop Urban Backpack B530","74,742",https://www.amazon.in/gp/slredirect/picassoRedirect.html/ref=pa_sp_btf_aps_sr_pg2_1?ie=UTF8&adId=A09554693J7S3XL3LLVB7&url=%2FLenovo-Laptop-Graphics-82A1009LIN-Backpack%2Fdp%2FB08HWKLXH3%2Fref%3Dsr_1_32_sspa%3Fdchild%3D1%26keywords%3DLaptop%26qid%3D1621154671%26sr%3D8-32-spons%26psc%3D1&qualifier=1621154671&id=2948839250075733&widgetName=sp_btf
"Lenovo ThinkPad E14 (2021) AMD Ryzen 5 4650U Pro 14-inch Full HD Thin and Light Laptop (8GB RAM/ 256GB SSD/ Windows 10 Home/ Microsoft Office Home & Student 2019/ Black/ 1.59 kg), 20T6S0UQ00","52,990",https://www.amazon.in/gp/slredirect/picassoRedirect.html/ref=pa_sp_btf_aps_sr_pg2_1?ie=UTF8&adId=A08375803BIMN8254BTJG&url=%2FLenovo-ThinkPad-14-inch-Microsoft-20T6S0UQ00%2Fdp%2FB0922KX1MX%2Fref%3Dsr_1_33_sspa%3Fdchild%3D1%26keywords%3DLaptop%26qid%3D1621154671%26sr%3D8-33-spons%26psc%3D1&qualifier=1621154671&id=2948839250075733&widgetName=sp_btf
"Lenovo Legion 5 10th Gen Intel Core i5 15.6 inch (39.62 cms) Full HD IPS Gaming Laptop (8GB/1TB HDD + 256GB SSD/Windows 10/120 Hz/NVIDIA GTX 1650Ti 4GB GDDR6 Graphics/Phantom Black/2.3Kg), 82AU00KGIN","74,990",https://www.amazon.in/gp/slredirect/picassoRedirect.html/ref=pa_sp_atf_next_aps_sr_pg3_1?ie=UTF8&adId=A083464328AB7KY520984&url=%2FLenovo-Windows-Graphics-Phantom-82AU00KGIN%2Fdp%2FB08JLQX4GZ%2Fref%3Dsr_1_33_sspa%3Fdchild%3D1%26keywords%3DLaptop%26qid%3D1621154686%26sr%3D8-33-spons%26psc%3D1&qualifier=1621154686&id=2124033149463731&widgetName=sp_atf_next
"Asus Vivobook X515MA-EJ101T PQC-N5030//4G/1T/TRANSPARENT SILVER/WIN10/15.6"" FHD/1Y International Warranty","24,850",https://www.amazon.in/gp/slredirect/picassoRedirect.html/ref=pa_sp_atf_next_aps_sr_pg3_1?ie=UTF8&adId=A085691518Y5Y4FINRNE4&url=%2FVivobook-X515MA-EJ101T-PQC-N5030-TRANSPARENT-International%2Fdp%2FB08WLYZVSF%2Fref%3Dsr_1_34_sspa%3Fdchild%3D1%26keywords%3DLaptop%26qid%3D1621154686%26sr%3D8-34-spons%26psc%3D1%26smid%3DA1S1RV7QA28FUJ&qualifier=1621154686&id=2124033149463731&widgetName=sp_atf_next
Dell Vostro 3401 14 inch (35.56 cms) FHD Anti Glare 2 Side Narrow Border Display Laptop (10th gen i3-1005G1 / 4GB / 1TB / Integrated Graphics/ Win 10 + MSO/ Black) D552124WIN9BE,"35,290",https://www.amazon.in/Dell-i3-1005G1-Integrated-Graphics-D552124WIN9BE/dp/B08HYZ2HQR/ref=sr_1_35?dchild=1&keywords=Laptop&qid=1621154686&sr=8-35
"(Renewed) Fujitsu Intel Core i5 3340M 15.6-Inch (39.62 cms) 1366 X 768 Laptop (4 GB/320 GB HDD/Windows/Intel HD Graphics/Black/2.40 Kg), A573","19,990",https://www.amazon.in/Renewed-Fujitsu-15-6-Inch-Windows-Graphics/dp/B091B6K2ZM/ref=sr_1_36?dchild=1&keywords=Laptop&qid=1621154686&sr=8-36
"Acer One 14 Pentium Dual Core - (4 GB/1 TB HDD/Windows 10 Home) Z2-485 Thin and Light Laptop (14 inch, Silver, 1.8 kg)","29,790",https://www.amazon.in/Acer-One-Pentium-Dual-Core/dp/B08J491Z28/ref=sr_1_37?dchild=1&keywords=Laptop&qid=1621154686&sr=8-37
Acer Aspire 3 Laptop Intel Core I3 11th Gen - (4 GB/1 TB HDD/ Windows 10 Home) A315-58 with 39.6 cm (15.6 Inches) FHD Display / 1.7 Kgs,"36,490",https://www.amazon.in/Acer-Aspire-Laptop-Intel-Core/dp/B0937CXX8H/ref=sr_1_33?dchild=1&keywords=Laptop&qid=1621154686&sr=8-33
"Dell Inspiron 3505 15.6"" (39.62 cms) FHD Display Laptop (R3-3250U / 8GB / 256GB SSD / Integrated Graphics / Win 10 + MSO / Accent Black) D560428WIN9BE","38,990",https://www.amazon.in/Dell-Inspiron-R3-3250U-Integrated-D560428WIN9BE/dp/B08X4Q425M/ref=sr_1_34?dchild=1&keywords=Laptop&qid=1621154686&sr=8-34
"Lenovo Ideapad Slim 3 AMD Ryzen 3 15.6"" (39.62cms) FHD Thin and Light Laptop (4GB/1TB/Windows 10/MS Office/Grey/1.85Kg), 81W10052IN","29,490",https://www.amazon.in/Lenovo-Ideapad-Laptop-Windows-81W10052IN/dp/B087D454KV/ref=sr_1_35?dchild=1&keywords=Laptop&qid=1621154686&sr=8-35
"Lenovo Ideapad Slim 1 AMD A4-9120E 14 inch HD Thin and Light Laptop (4GB/64GB eMMC/Windows 10/Grey/1.4Kg), 81VS0067IN","19,990",https://www.amazon.in/Lenovo-Ideapad-A4-9120E-Windows-81VS0067IN/dp/B087D3LF79/ref=sr_1_36?dchild=1&keywords=Laptop&qid=1621154686&sr=8-36
"ASUS VivoBook 14 (2020) Intel Core i5-1035G1 10th Gen 14-inch (35.56 cms) FHD T&L Laptop (8GB/1TB HDD + 256GB SSD/2GB GeForce MX130 Graphics/Windows 10/MS Office 2019/Silver/1.6 kg), X415JF-EK522TS","53,990",https://www.amazon.in/gp/slredirect/picassoRedirect.html/ref=pa_sp_mtf_aps_sr_pg3_1?ie=UTF8&adId=A02219483JMHP6ZZDAFGX&url=%2FASUS-VivoBook-i5-1035G1-Graphics-X415JF-EK522TS%2Fdp%2FB08JMMP9XJ%2Fref%3Dsr_1_38_sspa%3Fdchild%3D1%26keywords%3DLaptop%26qid%3D1621154686%26sr%3D8-38-spons%26psc%3D1%26smid%3DA1S1RV7QA28FUJ&qualifier=1621154686&id=2124033149463731&widgetName=sp_mtf
"ASUS VIVO Book 15 K513EA-BQ563TS i5-1135G7//16G/1T+256G PCIe SSD/Transparent SILVER/15.6""FHD vIPS/1Y International Warranty/Office H&S/Backlit KB/Finger Print","67,900",https://www.amazon.in/gp/slredirect/picassoRedirect.html/ref=pa_sp_mtf_aps_sr_pg3_1?ie=UTF8&adId=A0856203NZRN6N6N2GW5&url=%2FASUS-K513EA-BQ563TS-i5-1135G7-Transparent-International%2Fdp%2FB08W9G8NBD%2Fref%3Dsr_1_39_sspa%3Fdchild%3D1%26keywords%3DLaptop%26qid%3D1621154686%26sr%3D8-39-spons%26psc%3D1%26smid%3DA1S1RV7QA28FUJ&qualifier=1621154686&id=2124033149463731&widgetName=sp_mtf
"Life Digital Laptop 15.6-inch (39.62 cms) (Intel Core i3/4GB RAM/1TB HDD + 256GB SSD/Windows 10), ZED AIR CX3","26,990",https://www.amazon.in/LifeDigital-Laptop-Intel%C2%AE-Storage-Windows/dp/B08HRHFV1Q/ref=sr_1_40?dchild=1&keywords=Laptop&qid=1621154686&sr=8-40
"(Renewed) Dell Latitude Laptop E3380 Intel Core i3 - 6006u Processor 6th Gen, 8 GB Ram & 128 GB SSD, 13.3 Inches Screen (Ultra Slim & Light 1.63KG) Notebook Computer","29,990",https://www.amazon.in/Renewed-Dell-Latitude-Laptop-E3380/dp/B093VWQ259/ref=sr_1_41?dchild=1&keywords=Laptop&qid=1621154686&sr=8-41
"HP 14 10th Gen Intel Core i3 14"" (35.56cms) FHD Laptop (8 GB, 1 TB HDD + 256 GB SSD, Windows 10 Home, MS Office, Natural Silver, 1.51 kg), 14s-cf3028TU","46,900",https://www.amazon.in/HP-35-56cms-Windows-Natural-14s-cf3028TU/dp/B08QSVVC7W/ref=sr_1_42?dchild=1&keywords=Laptop&qid=1621154686&sr=8-42
Lenovo 82C700D4IH V15 ADA Laptop (AMD Athlon Silver 3050U/4GB Ram/ 1TB HDD/ 15.6 inch HD AG/ DOS/Integrated AMD Radeon Graphics/ Iron Grey),"25,400",https://www.amazon.in/Lenovo-82C700D4IH-Laptop-Integrated-Graphics/dp/B08DHT9JSK/ref=sr_1_43?dchild=1&keywords=Laptop&qid=1621154686&sr=8-43
"(Renewed) Dell Latitude Laptop E3380 Intel Core i3 - 6006u Processor 6th Gen, 8 GB Ram & 256 GB SSD, 13.3 Inches Screen (Ultra Slim & Light 1.63KG) Notebook Computer","28,990",https://www.amazon.in/Renewed-Dell-Latitude-Laptop-E3380/dp/B093W227QY/ref=sr_1_44?dchild=1&keywords=Laptop&qid=1621154686&sr=8-44
"Lenovo Ideapad S145 Intel i3 15.6” Thin and Light (4GB/1TB HDD/Win10 + Office Home/Intel UHD Graphics/Platinum Grey/1.85kg), 81VD00EQIN","31,990",https://www.amazon.in/Lenovo-Ideapad-Graphics-Platinum-81VD00EQIN/dp/B08MCD1R86/ref=sr_1_45?dchild=1&keywords=Laptop&qid=1621154686&sr=8-45
"HP 14 4th Gen Ryzen 5 5500U 14-inch(35.6 cm) FHD Laptop with Alexa Built-in(8GB/512GB SSD/Windows 10/MS Office/Natural Silver/1.46Kg), 14s-fq1030AU","51,469",https://www.amazon.in/HP-14-inch-Windows-Natural-14s-fq1030AU/dp/B0928TPR8H/ref=sr_1_46?dchild=1&keywords=Laptop&qid=1621154686&sr=8-46
"ASUS VivoBook 14 (2020) Intel Core i5-1035G1 10th Gen 14-inch (35.56 cms) FHD Thin and Light Laptop (8GB/1TB HDD/Integrated Graphics/Windows 10/MS Office 19/Transparent Silver/1.6 kg), X415JA-EK085TS","44,490",https://www.amazon.in/ASUS-i5-1035G1-Integrated-Transparent-X415JA-EK085TS/dp/B08JMPT24V/ref=sr_1_47?dchild=1&keywords=Laptop&qid=1621154686&sr=8-47
"Acer Swift 5 14"" (35.56 cms) Full HD IPS Display with Touchscreen Ultra Thin and Light Notebook (Intel i5 - 11th Gen/8GB RAM/512GB SSD/Win10/Intel Iris Xe Graphics/1.05 Kg/Mist Green), SF514-55TA","64,990",https://www.amazon.in/gp/slredirect/picassoRedirect.html/ref=pa_sp_btf_aps_sr_pg3_1?ie=UTF8&adId=A0658951JITY2EFN1I2L&url=%2FAcer-Swift-Display-Touchscreen-Notebook%2Fdp%2FB08P6GCH7Y%2Fref%3Dsr_1_48_sspa%3Fdchild%3D1%26keywords%3DLaptop%26qid%3D1621154686%26sr%3D8-48-spons%26psc%3D1&qualifier=1621154686&id=2124033149463731&widgetName=sp_btf
"Dell Inspiron 3505 15.6"" FHD Display Laptop (R5-3450U / 8GB / 1TB + 256Gb SSD / Vega Graphics / Win 10 + MSO / Soft Mint Color) D560432WIN9S","49,990",https://www.amazon.in/gp/slredirect/picassoRedirect.html/ref=pa_sp_btf_aps_sr_pg3_1?ie=UTF8&adId=A06266203MXBA6XE2BW6G&url=%2FDell-Inspiron-R5-3450U-Graphics-D560432WIN9S%2Fdp%2FB0919HGZXG%2Fref%3Dsr_1_49_sspa%3Fdchild%3D1%26keywords%3DLaptop%26qid%3D1621154686%26sr%3D8-49-spons%26psc%3D1&qualifier=1621154686&id=2124033149463731&widgetName=sp_btf
"Acer Swift 5 14"" (35.56cms) Full HD IPS Display with Touchscreen Ultra Thin and Light Notebook (Intel i7 - 11th Gen/16GB RAM/1TB SSD/Win10/Intel Iris Xe Graphics/1.05 Kg/Mist Green), SF514-55TA","91,999",https://www.amazon.in/gp/slredirect/picassoRedirect.html/ref=pa_sp_atf_next_aps_sr_pg4_1?ie=UTF8&adId=A06264323KEAQSTP524LD&url=%2FDell-Inspiron-3501-15-6-inch-i5-1135G7%2Fdp%2FB08VRGKLTJ%2Fref%3Dsr_1_50_sspa%3Fdchild%3D1%26keywords%3DLaptop%26qid%3D1621154700%26sr%3D8-50-spons%26psc%3D1&qualifier=1621154700&id=6259140283692332&widgetName=sp_atf_next
"Dell Inspiron 3501 15.6-inch FHD Laptop (11th Gen Core i5-1135G7/4GB/1TB + 256GB SSD/Windows 10 + MS Office 2019/Backlit KB), Soft Mint","58,990",https://www.amazon.in/gp/slredirect/picassoRedirect.html/ref=pa_sp_atf_next_aps_sr_pg4_1?ie=UTF8&adId=A06264323KEAQSTP524LD&url=%2FDell-Inspiron-3501-15-6-inch-i5-1135G7%2Fdp%2FB08VRGKLTJ%2Fref%3Dsr_1_50_sspa%3Fdchild%3D1%26keywords%3DLaptop%26qid%3D1621154700%26sr%3D8-50-spons%26psc%3D1&qualifier=1621154700&id=6259140283692332&widgetName=sp_atf_next
"Lenovo IdeaPad Slim 3 10th Gen Intel Core i3 15.6 inch (39.62 cms) Full HD Thin and Light Laptop (8GB/1TB HDD/Windows 10/Platinum Grey/1.85Kg), 81WE0149IN","34,990",https://www.amazon.in/Lenovo-IdeaPad-Windows-Platinum-81WE0149IN/dp/B08JCXF6VR/ref=sr_1_51?dchild=1&keywords=Laptop&qid=1621154700&sr=8-51
"Lenovo E41-45 (82BF000EIH) Laptop (AMD A6-7350B/ 4GB RAM/ 1TB HDD/ DOS/ 14 Inch Screen), 1 Year Warranty","24,940",https://www.amazon.in/Lenovo-E41-45-82BF000EIH-A6-7350B-Warranty/dp/B08Q7Q3LZZ/ref=sr_1_52?dchild=1&keywords=Laptop&qid=1621154700&sr=8-52
"Lenovo IdeaPad Slim 3 10th Gen Intel Core i3 15.6 inch Full HD Thin and Light Laptop (4GB/1TB HDD/Windows 10/MS Office 2019/Platinum Grey/1.85Kg), 81WE014JIN","34,490",https://www.amazon.in/Lenovo-IdeaPad-Windows-Platinum-81WE014JIN/dp/B08JYL2969/ref=sr_1_49?dchild=1&keywords=Laptop&qid=1621154700&sr=8-49
"(Renewed) HP Elitebook UltraSlim Hybrid Laptop 840G1 Intel Core i5 - 4300U Processor, 8 GB Ram, 320 GB Harddisk & 128 GB SSD, Windows 10 Pro, 14.1 Inches Notebook Computer","35,090",https://www.amazon.in/Renewed-HP-Elitebook-UltraSlim-Hybrid/dp/B094N6VC43/ref=sr_1_50?dchild=1&keywords=Laptop&qid=1621154700&sr=8-50
"HP 15 (2021) Thin & Light Ryzen 3-3250 Laptop, 8 GB RAM, 1TB HDD + 256GB SSD, 15"" (38.1 cms) FHD Screen, Windows 10, MS Office (15s-gr0012AU)","40,990",https://www.amazon.in/HP-3-3250-Laptop-Windows-15s-gr0012AU/dp/B08T6THSMQ/ref=sr_1_51?dchild=1&keywords=Laptop&qid=1621154700&sr=8-51
"Lenovo IdeaPad S145 10th Gen Intel Core i5 15.6-inch (39.62 cms) Full HD Thin and Light Laptop (8GB/1TB HDD/Windows 10/MS Office 2019/Platinum Grey/1.85Kg), 81W800TEIN","44,490",https://www.amazon.in/Lenovo-IdeaPad-15-6-inch-Platinum-81W800TEIN/dp/B08W8J4TQB/ref=sr_1_52?dchild=1&keywords=Laptop&qid=1621154700&sr=8-52
"Acer Aspire 3 A315-55G 15.6"" (39.62cms) Laptop (Intel Core i5-10210Ur/8GB/1TB HDD/Window 10, Home, 64Bit/NVIDIA GeForce MX230 Graphics), Black","49,990",https://www.amazon.in/gp/slredirect/picassoRedirect.html/ref=pa_sp_mtf_aps_sr_pg4_1?ie=UTF8&adId=A06254841SMT8WK1NVZ3B&url=%2FAcer-A315-55G-15-6-inch-i5-10210Ur-Graphics%2Fdp%2FB088CF91GM%2Fref%3Dsr_1_54_sspa%3Fdchild%3D1%26keywords%3DLaptop%26qid%3D1621154700%26sr%3D8-54-spons%26psc%3D1%26smid%3DA2W4R6KXCY4TRS&qualifier=1621154700&id=6259140283692332&widgetName=sp_mtf
Acer Aspire 5 Thin and Light Laptop Intel Core I3 11th Gen (4GB/1 TB/ Windows 10 Home/MS Office H&S 2019) A515-56 with 39.6 cm (15.6 Inch) with FHD Display / 1.65 Kgs,"39,989",https://www.amazon.in/gp/slredirect/picassoRedirect.html/ref=pa_sp_mtf_aps_sr_pg4_1?ie=UTF8&adId=A06260402ZR4NWV6W8IU4&url=%2FAcer-Aspire-Windows-A515-56-Display%2Fdp%2FB0927QGS99%2Fref%3Dsr_1_55_sspa%3Fdchild%3D1%26keywords%3DLaptop%26qid%3D1621154700%26sr%3D8-55-spons%26psc%3D1%26smid%3DA2W4R6KXCY4TRS&qualifier=1621154700&id=6259140283692332&widgetName=sp_mtf
"ASUS ROG Strix G15 (2020), 15.6"" FHD 144Hz, Intel Core i5-10300H 10th Gen, GTX 1650 Ti 4GB Graphics, Gaming Laptop (8GB RAM/1TB SSD/Office 2019/Windows 10/Electro Punk/2.3 Kg), G512LI-HN118TS","77,990",https://www.amazon.in/ASUS-i5-10300H-Graphics-Windows-G512LI-HN118TS/dp/B0933K2MBQ/ref=sr_1_56?dchild=1&keywords=Laptop&qid=1621154700&sr=8-56
"Life Digital Laptop 15.6-inch (39.62 cms) (Intel Core i5/4GB RAM/1TB HDD/Type C Data/Win10), ZED AIR CX5","29,990",https://www.amazon.in/LifeDigital-Laptop-Intel%C2%AE-Storage-Windows/dp/B08HRHH2NH/ref=sr_1_57?dchild=1&keywords=Laptop&qid=1621154700&sr=8-57
"Lenovo IdeaPad S145 81W800C3IN 15.6"" (39.62cms) FHD  Thin and Light Laptop (10th Gen CORE I3-1005G1/4GB/256GB SSD/Windows 10/Microsoft Office/Integrated Graphics), Grey","33,490",https://www.amazon.in/Lenovo-81W800C3IN-15-6-inch-I3-1005G1-Integrated/dp/B083PFCFRB/ref=sr_1_58?dchild=1&keywords=Laptop&qid=1621154700&sr=8-58
"Acer Aspire 5 Intel Core i3 11th Generation 15.6"" (39.62 cms) - (4 GB/256 GB SSD/MS Office 2019/Windows 10 Home/Intel UHD Graphics /1.65Kg/Silver) A515-56","36,990",https://www.amazon.in/Acer-Aspire-Intel-Generation-39-62/dp/B091YK7PRH/ref=sr_1_59?dchild=1&keywords=Laptop&qid=1621154700&sr=8-59
"HP Notebook PC 245 G7 14"" (35.56cms) Laptop ATHLON-3050U/4GB/1TB/Windows 10 Home/ 1 Year Warranty (21Z04PA)","25,890",https://www.amazon.in/HP-Notebook-245-G7-ATHLON-3050U/dp/B08TBVBKN5/ref=sr_1_62?dchild=1&keywords=Laptop&qid=1621154700&sr=8-62
"HP 15 11th Gen Intel Core i3 Processor 15.6"" (39.62cms) FHD Laptop (8GB/512GB SSD/Win 10/MS Offce/Integrated Graphics/Natural Silver/1.69 Kg), 15s-fr2006TU","45,969",https://www.amazon.in/HP-Processor-39-62cms-Integrated-15s-fr2006TU/dp/B08XNYH4LX/ref=sr_1_63?dchild=1&keywords=Laptop&qid=1621154700&sr=8-63
"Dell G5 5505 15.6"" FHD 120Hz 250 NITS Display Gaming Laptop (i5-10300H / 8GB / 512GB SSD / NVIDIA GEFORCE GTX 1650 Ti 4GB GDDR6 Graphics / Win 10 + MSO / Black / FPR + Blue KB) D560263WIN9B","83,990",https://www.amazon.in/gp/slredirect/picassoRedirect.html/ref=pa_sp_btf_aps_sr_pg4_1?ie=UTF8&adId=A06255402X8FSJ1H0AQBM&url=%2FDell-Display-i5-10300H-Graphics-D560263WIN9B%2Fdp%2FB0919YS7HD%2Fref%3Dsr_1_64_sspa%3Fdchild%3D1%26keywords%3DLaptop%26qid%3D1621154700%26sr%3D8-64-spons%26psc%3D1&qualifier=1621154700&id=6259140283692332&widgetName=sp_btf
"Lenovo Legion 5 AMD Ryzen 7 4800H 15.6-inch FHD Gaming Laptop (16GB/1TB HDD + 256GB SSD/Win 10/Office/144 Hz/NVIDIA RTX 2060 6GB GDDR6 Graphics/M300 RGB Gaming Mouse/Phantom Black/2.46 Kg), 82B100AVIN","1,19,990",https://www.amazon.in/gp/slredirect/picassoRedirect.html/ref=pa_sp_btf_aps_sr_pg4_1?ie=UTF8&adId=A06263762VYH2RZZRPPGG&url=%2FLenovo-15-6-inch-Graphics-Phantom-82B100AVIN%2Fdp%2FB08ZNKLYWZ%2Fref%3Dsr_1_65_sspa%3Fdchild%3D1%26keywords%3DLaptop%26qid%3D1621154700%26sr%3D8-65-spons%26psc%3D1&qualifier=1621154700&id=6259140283692332&widgetName=sp_btf
"Acer Aspire 5 A514-52G 14-inch Laptop (10th Gen Intel Core i5-10210U processor/8GB/512GB SSD/Window 10 Home 64Bit/2 GB of Nvidia MX350 Graphics), Silver","54,539",https://www.amazon.in/gp/slredirect/picassoRedirect.html/ref=pa_sp_atf_next_aps_sr_pg5_1?ie=UTF8&adId=A0625360230AAFP1VS7G1&url=%2FAcer-A514-52G-i5-10210U-processor-Graphics%2Fdp%2FB08F3RL8TZ%2Fref%3Dsr_1_65_sspa%3Fdchild%3D1%26keywords%3DLaptop%26qid%3D1621154715%26sr%3D8-65-spons%26psc%3D1%26smid%3DA2W4R6KXCY4TRS&qualifier=1621154715&id=483788814800395&widgetName=sp_atf_next
"Acer Nitro 5 Intel Core i5 - 10th Gen 15.6"" (39.62cms) FHD IPS Display Thin and Light Gaming Laptop (8GB Ram/1TB HDD + 256GB SSD/Windows 10 Home/GTX 1650 Graphics/Obsidian Black/2.3 kgs), AN515-55","73,539",https://www.amazon.in/gp/slredirect/picassoRedirect.html/ref=pa_sp_atf_next_aps_sr_pg5_1?ie=UTF8&adId=A062622029JCV8VH4A31P&url=%2FAcer-Nitro-Intel-Core-15-6-inch%2Fdp%2FB088FLYQJ9%2Fref%3Dsr_1_66_sspa%3Fdchild%3D1%26keywords%3DLaptop%26qid%3D1621154715%26sr%3D8-66-spons%26psc%3D1%26smid%3DA2W4R6KXCY4TRS&qualifier=1621154715&id=483788814800395&widgetName=sp_atf_next
"AVITA Magus Lite NS12T5IN006P 12.2-inch Laptop (Apollo Lake Celeron N3350/4GB/64GB SSD/Windows 10 Home/Intel HD 500 Graphics), Charcoal Grey","16,450",https://www.amazon.in/AVITA-NS12T5IN006P-12-2-inch-Graphics-Charcoal/dp/B088261QHP/ref=sr_1_67?dchild=1&keywords=Laptop&qid=1621154715&sr=8-67
"Lenovo E41-45 (82BFS00300) Laptop (AMD A9-9425 / 4GB RAM/ 1TB HDD/ Win 10 Home SL/ 14 Inch Screen / Black), 1 Year Warranty","23,990",https://www.amazon.in/Lenovo-E41-45-82BFS00300-A9-9425-Warranty/dp/B091NX3DRV/ref=sr_1_68?dchild=1&keywords=Laptop&qid=1621154715&sr=8-68
"HP 15 Intel Pentium Gold 6405U Processor Entry Level 15.6"" (39.62cms) FHD Laptop (4GB/1TB/Win 10/Jet Black/1.74kg), 15s-du1052tuMicrosoft 365 Personal-One Year Subscription Included","29,589",https://www.amazon.in/HP-Processor-15s-du1052tuMicrosoft-Personal-One-Subscription/dp/B08WQFTM4W/ref=sr_1_69?dchild=1&keywords=Laptop&qid=1621154715&sr=8-69
"Acer Nitro 5 Intel Core i7-11th Generation 144 Hz Refresh Rate 15.6-inch (39.62 cms) Gaming Laptop (8GB Ram/1TB SSD/Win10/GTX 1650 Graphics/Obsidian Black/2.2 Kgs), AN515-56 + Xbox Game Pass for PC","84,990",https://www.amazon.in/Acer-Generation-15-6-inch-Graphics-AN515-56/dp/B0923Z27TX/ref=sr_1_66?dchild=1&keywords=Laptop&qid=1621154715&sr=8-66
"HP 14 Ryzen 3 4300U Processor 14-inch(35.6 cm) FHD Laptop (8GB/512GB/Windows 10/MS Office/Natural Silver/1.46Kg), 14s-fr0016AU","39,490",https://www.amazon.in/HP-Processor-14-inch-Windows-14s-fr0016AU/dp/B092JJ5LLR/ref=sr_1_69?dchild=1&keywords=Laptop&qid=1621154715&sr=8-69
Lenovo 82C7A006IH V15 ADA Laptop (AMD Athlon Silver 3050U/4GB Ram/ 1TB HDD/ 15.6 inch HD AG/ Windows-10/Integrated AMD Radeon Graphics/ Iron Grey),"27,890",https://www.amazon.in/gp/slredirect/picassoRedirect.html/ref=pa_sp_mtf_aps_sr_pg5_1?ie=UTF8&adId=A062653222BYYQ8V0F9D6&url=%2FLenovo-82C7A006IH-Windows-10-Integrated-Graphics%2Fdp%2FB08DHZS1XQ%2Fref%3Dsr_1_70_sspa%3Fdchild%3D1%26keywords%3DLaptop%26qid%3D1621154715%26sr%3D8-70-spons%26psc%3D1%26smid%3DA2W4R6KXCY4TRS&qualifier=1621154715&id=483788814800395&widgetName=sp_mtf
"Lenovo IdeaPad Slim 3 10th Gen Intel Core i5 15.6 inch (39.62 cms) Full HD Thin and Light Laptop (8GB/1TB HDD/Windows 10/Platinum Grey/1.85Kg), 81WE0144IN","43,490",https://www.amazon.in/Lenovo-IdeaPad-Windows-Platinum-81WE0144IN/dp/B08JCV81WK/ref=sr_1_73?dchild=1&keywords=Laptop&qid=1621154715&sr=8-73
Dell VOSTRO 3405 14inch (35.56 cms) HD Anti Glare Laptop (Ryzen-3 3250U / 4 GB / 1TB / Vega Graphics / 1 Yr NBD / Win 10 + MSO / Black/ 1.83Kg) D552134WIN9BE,"30,990",https://www.amazon.in/VOSTRO-14inch-Ryzen-3-Graphics-D552134WIN9BE/dp/B08HQY7WH4/ref=sr_1_76?dchild=1&keywords=Laptop&qid=1621154715&sr=8-76
"HP Chromebook x360 Intel Celeron N4020 Processor 12-inch (30.48 cms) Touchscreen Laptop (Celeron N4020/4GB/64GB SSD/Chrome OS/Integrated Graphics/Natural Silver), 12b-ca0010TU","29,199",https://www.amazon.in/HP-Chromebook-12b-ca0010TU-Touchscreen-Integrated/dp/B08C5WSTR6/ref=sr_1_77?dchild=1&keywords=Laptop&qid=1621154715&sr=8-77
Dell G3 3500 Gaming Laptop 15.6'' FHD 120Hz Display / i7-10750H / 16GB / 1TB +256GB SSD / Nvidia GTX 1650 4GB Graphics / 1Yr Premium Warranty/ Win 10 + MS Office H&S) D560351WIN9BE,"95,993",https://www.amazon.in/Dell-i7-10750H-Graphics-Warranty-D560351WIN9BE/dp/B08MQ1JHTQ/ref=sr_1_78?dchild=1&keywords=Laptop&qid=1621154715&sr=8-78
"(Renewed) Lenovo IdeaPad B40-70 14-inch Laptop (Core i3/16GB RAM/512GB SSD/Windows 10 Pro/MS Office 2019/More than 4 GB Intel Integrated Graphics, Fingerprint Scanner), Black","36,999",https://www.amazon.in/Renewed-Lenovo-Integrated-Graphics-Fingerprint/dp/B091N5G6W9/ref=sr_1_79?dchild=1&keywords=Laptop&qid=1621154715&sr=8-79
"Acer Swift 3 10 Gen Core i5 14-inch Ultra Thin and Light (8GB/512GB SSD/Windows 10/2GB Graphics/Steel Grey/1.19 kg), SF314-57G","67,429",https://www.amazon.in/gp/slredirect/picassoRedirect.html/ref=pa_sp_btf_aps_sr_pg5_1?ie=UTF8&adId=A06256401MVSGT0L6DZ7I&url=%2FAcer-SF314-57G-i5-1035G1-processor-Thunderbolt%2Fdp%2FB07Z88C1ZR%2Fref%3Dsr_1_80_sspa%3Fdchild%3D1%26keywords%3DLaptop%26qid%3D1621154715%26sr%3D8-80-spons%26psc%3D1%26smid%3DA2W4R6KXCY4TRS&qualifier=1621154715&id=483788814800395&widgetName=sp_btf
"Acer Nitro 5 Intel Core i5-10300H 15.6-inch Full HD IPS 1920 x 1080 144Hz Display Gaming Notebook (8GB Ram/1TB HDD + 256GB SSD/Windows 10 Home/GTX 1650Ti Graphics/Obsidian Black/2.3 kgs), AN515-55","71,990",https://www.amazon.in/gp/slredirect/picassoRedirect.html/ref=pa_sp_atf_next_aps_sr_pg6_1?ie=UTF8&adId=A06256962OF44TQUOGSS6&url=%2FAcer-i5-10300H-15-6-inch-Notebook-AN515-55%2Fdp%2FB088FLNT3G%2Fref%3Dsr_1_81_sspa%3Fdchild%3D1%26keywords%3DLaptop%26qid%3D1621154729%26sr%3D8-81-spons%26psc%3D1&qualifier=1621154729&id=8509872498567908&widgetName=sp_atf_next
"HP 15 11th Gen Intel Core i3 Thin & Light 15.6-inch (39.62 cms) FHD Laptop (4GB DDR4/1TB HDD/M.2 Slot/Windows 10 Home/MS Office/Jet Black/1.76 Kg), 15s-du3053TU","39,487",https://www.amazon.in/HP-15-6-inch-Laptop-Windows-15s-du3053TU/dp/B08W2X72V2/ref=sr_1_82?dchild=1&keywords=Laptop&qid=1621154729&sr=8-82
"(Renewed) Dell Latitude E5440 14-Inch Laptop (Core i5 4th Gen/4GB RAM (Upgradable to 16)/500GB HDD/Windows 10 Pro/MS Office 2019/More than 4 GB Intel Integrated Graphics), Black","31,999",https://www.amazon.in/Dell-Latitude-Upgradable-Integrated-Graphics/dp/B09414ZZL5/ref=sr_1_83?dchild=1&keywords=Laptop&qid=1621154729&sr=8-83
"HP 15 Ryzen 5 Processor 15.6-inch(39.6 cm) FHD Laptop (8GB/512GB SSD/Windows 10/Vega 8 Graphics/MS Office/Natural Silver/1.69Kg), 15s-eq0500AU","48,995",https://www.amazon.in/HP-Processor-15-6-inch-Graphics-15s-eq0500AU/dp/B0928T2WQG/ref=sr_1_84?dchild=1&keywords=Laptop&qid=1621154729&sr=8-84
"Dell Inspiron 3505 15"" (38.1 cms) FHD AG Laptop (Ryzen-3 3250U / 4 GB / 1TB+256 SSD / Vega Graphics / Win 10 + MSO / Soft Mint Color) D560338WIN9S","36,190",https://www.amazon.in/Dell-Inspiron-Display-Graphics-D560338WIN9S/dp/B08HPY2N4W/ref=sr_1_85?dchild=1&keywords=Laptop&qid=1621154729&sr=8-85
"Lenovo Ideapad S145 Intel Core i5 10th Gen 15.6 inch (39.62 cms) FHD Thin and Light Laptop (8GB/1TB/Windows 10/Grey/1.85Kg), 81W800FLIN","42,990",https://www.amazon.in/Lenovo-Ideapad-Laptop-Windows-81W800FLIN/dp/B087D4C4H5/ref=sr_1_82?dchild=1&keywords=Laptop&qid=1621154729&sr=8-82
"(Renewed) Lenovo IdeaPad B40-70 14-inch Laptop (Core i3/8GB RAM(Upgradable to 16)/512GB SSD/Windows 10 Pro/MS Office 2019/More than 4 GB Intel Integrated Graphics, Fingerprint Scanner), Black","32,999",https://www.amazon.in/Lenovo-Upgradable-Integrated-Graphics-Fingerprint/dp/B091N6JX1C/ref=sr_1_83?dchild=1&keywords=Laptop&qid=1621154729&sr=8-83
"(Renewed) Lenovo IdeaPad B40-70 14-inch Laptop (Core i3/16GB RAM/256GB SSD/Windows 10 Pro/MS Office 2019/More than 4 GB Intel Integrated Graphics, Fingerprint Scanner), Black","34,999",https://www.amazon.in/Renewed-Lenovo-Integrated-Graphics-Fingerprint/dp/B091N6735M/ref=sr_1_84?dchild=1&keywords=Laptop&qid=1621154729&sr=8-84
"(Renewed) Lenovo IdeaPad B40-70 14-inch Laptop (Core i3/16GB RAM /1TB HDD/Windows 10 Pro/MS Office 2019/More than 4 GB Intel Integrated Graphics, Fingerprint Scanner), Black","34,999",https://www.amazon.in/Renewed-Lenovo-Integrated-Graphics-Fingerprint/dp/B091N55CTR/ref=sr_1_85?dchild=1&keywords=Laptop&qid=1621154729&sr=8-85
"Dell Inspiron 5406 14"" (35.56 cms) FHD Display 2in1 Laptop (11th Gen i3-1115G4 / 4GB / 256GB SSD / Integrated Graphics/ Win 10 + MS Office / Backlit with FPR / Platinum Silver) D560446WIN9S","47,490",https://www.amazon.in/Dell-Inspiron-i3-1115G4-Integrated-D560446WIN9S/dp/B08X4NKYH5/ref=sr_1_86?dchild=1&keywords=Laptop&qid=1621154729&sr=8-86
"Lenovo IdeaPad Slim 5 11th Gen Intel Core i5 14"" FHD IPS Thin & Light Laptop (8GB/512GB SSD/Win 10/Office/Intel Iris Xe Graphics/Fingerprint Reader/Graphite Grey/Aluminium Surface/1.39Kg), 82FE00K0IN","57,990",https://www.amazon.in/Lenovo-Graphics-Fingerprint-Aluminium-82FE00K0IN/dp/B08WR9PF4K/ref=sr_1_87?dchild=1&keywords=Laptop&qid=1621154729&sr=8-87
ASUS Laptop 15 M515DA-BQ501T AMD Ryzen™ 5 3500U/1TB HDD/8GB/15.6″FHD/Windows 10/Slate Grey/1Y,"39,954",https://www.amazon.in/ASUS-M515DA-BQ501T-RyzenTM-15-6%E2%80%B3FHD-Windows/dp/B08CKRS42M/ref=sr_1_89?dchild=1&keywords=Laptop&qid=1621154729&sr=8-89
"ASUS VivoBook 14 (2020), Intel Core i3-1005G1 10th Gen, 14-Inch (35.56 cms) FHD Thin and Light Laptop (4GB RAM/1TB HDD/Windows 10/Integrated/Slate Grey/1.6 kg), X415JA-EK104T","32,970",https://www.amazon.in/ASUS-VivoBook-i3-1005G1-Integrated-X415JA-EK104T/dp/B08S4NF565/ref=sr_1_90?dchild=1&keywords=Laptop&qid=1621154729&sr=8-90
"HP 14(2021) 5th Gen Ryzen 3 5300U 14-inch(35.6 cm) FHD Laptop with Alexa Built-in(8GB/512GB SSD/Windows 10/MS Office/Natural Silver/1.46Kg), 14s-fq1029AU","41,990",https://www.amazon.in/HP-14-inch-Windows-Natural-14s-fq1029AU/dp/B0928SZKL1/ref=sr_1_91?dchild=1&keywords=Laptop&qid=1621154729&sr=8-91
"Dell Inspiron 3501 15.6"" (39.62 cms) FHD Display Laptop (i5-1135G7 / 4GB / 1TB HDD + 256GB SSD / Integrated Graphics / Win 10 + MSO / Soft Mint Color) D560437WIN9SE","52,990",https://www.amazon.in/Dell-Inspiron-i5-1135G7-Integrated-D560437WIN9SE/dp/B08X4PZZMM/ref=sr_1_92?dchild=1&keywords=Laptop&qid=1621154729&sr=8-92
"Dell Inspiron 3501 15.6"" (39.62 cms) FHD Display Laptop (i5-1135G7 / 4GB / 1TB HDD + 256GB SSD / Integrated Graphics / Win 10 + MSO / Soft Mint Color) D560437WIN9SE","52,990",https://www.amazon.in/Dell-Inspiron-i5-1135G7-Integrated-D560437WIN9SE/dp/B08X4PZZMM/ref=sr_1_97?dchild=1&keywords=Laptop&qid=1621154742&sr=8-97
"Acer Aspire 3 Ryzen 3 3200U 15.6"" (39.62cms) - (4 GB/1TB HDD/Windows 10 Home/AMD Radeon Vega 3 Mobile Graphics /1.9Kg/Black) A315-42","29,650",https://www.amazon.in/Acer-Aspire-Ryzen-3200U-39-62cms/dp/B08WLR5NNR/ref=sr_1_99?dchild=1&keywords=Laptop&qid=1621154742&sr=8-99
"(Renewed) HP Chromebook Intel Celeron 14-Inch (35.56 cms) Touchscreen 1366 x 768 (HD Ready) Thin and Light Laptop (4 GB/64 GB SSD + 256 GB Expandable/Chrome OS/Intel UHD Graphics 600/Mineral Silver/1.46 kg), 14a-na0003TU","19,992",https://www.amazon.in/HP-Chromebook-14a-na0003TU-Touchscreen-Expandable/dp/B08G4YMNXS/ref=sr_1_100?dchild=1&keywords=Laptop&qid=1621154742&sr=8-100
"Dell Inspiron 5406 14"" FHD Touch 2in1 Laptop (11th Geni3-1115G4 / 8GB / 512GB SSD / Integrated Graphics/ Win 10 + MSO / Backlit KB with FPR & Stylus Pen / Platinum Silver) D560384WIN9S","55,690",https://www.amazon.in/Dell-Inspiron-5406-Geni3-1115G4-D560384WIN9S/dp/B091H14P32/ref=sr_1_101?dchild=1&keywords=Laptop&qid=1621154742&sr=8-101
"Lenovo IdeaPad L340 9th Gen Intel Core i5 15.6"" (39.62cms) Full HD IPS Gaming Laptop (8GB/1TB HDD/Windows 10/NVIDIA GTX 1050 3GB GDDR5 Graphics/Granite Black/2.2Kg), 81LK01QNIN","50,480",https://www.amazon.in/Lenovo-IdeaPad-39-62cms-Graphics-81LK01QNIN/dp/B08WRL9GQW/ref=sr_1_99?dchild=1&keywords=Laptop&qid=1621154742&sr=8-99
Lenovo 82C7A006IH V15 ADA Laptop (AMD Athlon Silver 3050U/4GB Ram/ 1TB HDD/ 15.6 inch HD AG/ Windows-10/Integrated AMD Radeon Graphics/ Iron Grey),"27,890",https://www.amazon.in/Lenovo-82C7A006IH-Windows-10-Integrated-Graphics/dp/B08DHZS1XQ/ref=sr_1_100?dchild=1&keywords=Laptop&qid=1621154742&sr=8-100
"(Renewed) Lenovo Ideapad S145 Intel 10th Gen Core i3 15.6-Inch (39.62 cms) 1920 x 1080 (Full HD) Thin and Light Laptop (8 GB/256 SSD/Windows 10/MS Office /Integrated Graphics/Grey/1.85 Kg), 81W800B1IN","33,000",https://www.amazon.in/Lenovo-15-6-Inch-Integrated-Graphics-81W800B1IN/dp/B08YXPF1BV/ref=sr_1_102?dchild=1&keywords=Laptop&qid=1621154742&sr=8-102
ASUS VivoBook AMD Ryzen 3-3250U(4GB RAM/256GB SSD/Win10+Ms Off H&S 2019+McAfee/Integrated Vega 3 Graphics/15.6-inch FHD IPS /FP Reader/1.9 kg/Transparent Silver/1 Yr. Warranty) M515DA-EJ312TS,"32,970",https://www.amazon.in/ASUS-Integrated-15-6-inch-Transparent-M515DA-EJ312TS/dp/B08Q3MVVS7/ref=sr_1_103?dchild=1&keywords=Laptop&qid=1621154742&sr=8-103
"(Renewed) Lenovo Ideapad S145 Intel 10th Gen Core i3 15.6-Inch (39.62 cms) 1920 x 1080 (Full HD) Thin and Light Laptop (4 GB/1TB HDD/Windows 10/Integrated Graphics/Platinum Grey/1.85 Kg), 81W800SAIN","30,000",https://www.amazon.in/Lenovo-15-6-Inch-Integrated-Graphics-81W800SAIN/dp/B08Z9NJ9G8/ref=sr_1_104?dchild=1&keywords=Laptop&qid=1621154742&sr=8-104
"Dell G5 Gaming 5505 15.6"" (39.62 cms) FHD 120 Hz Display Laptop (R5 4600H/8GB/512 SSD/RX 5600M 6GB/Win 10/Silver)","78,490",https://www.amazon.in/Dell-Gaming-Display-Laptop-Silver/dp/B08X4NF6M4/ref=sr_1_105?dchild=1&keywords=Laptop&qid=1621154742&sr=8-105
"Lenovo V15 AMD RYZEN 3 3250U 15.6-inch HD Laptop (4GB/1TB/Windows 10/Grey/1.85Kg),82C7001YIH","28,490",https://www.amazon.in/Lenovo-V15-15-6-inch-Windows-82C7001YIH/dp/B0897MV47X/ref=sr_1_106?dchild=1&keywords=Laptop&qid=1621154742&sr=8-106
"(Renewed) Lenovo IdeaPad B40-70 14-inch Laptop (Core i3/8GB RAM (Upgradable to 16)/1TB HDD/Windows 10 Pro/MS Office 2019/More than 4 GB Intel Integrated Graphics, Fingerprint Scanner), Black","32,999",https://www.amazon.in/Lenovo-Upgradable-Integrated-Graphics-Fingerprint/dp/B091N49X2H/ref=sr_1_107?dchild=1&keywords=Laptop&qid=1621154742&sr=8-107
"(Renewed) Dell Latitude Laptop E3380 Intel Core i3 - 6006u Processor 6th Gen, 8 GB Ram & 1TB SSD, 13.3 Inches Screen (Ultra Slim & Light 1.63KG) Notebook Computer","36,390",https://www.amazon.in/Renewed-Dell-Latitude-Laptop-E3380/dp/B093WB9JKJ/ref=sr_1_113?dchild=1&keywords=Laptop&qid=1621154756&sr=8-113
"HP 15 Thin & Light 15.6"" (39.62cms) FHD Laptop (11th Gen Intel Core i5-1135G7, 8GB DDR4, 256GB SSD + 1TB HDD, Win 10 Home, MS Office, 2GB MX350 Graphics, FPR, Natural Silver, 1.76 Kg), 15s-du3047TX","62,950",https://www.amazon.in/HP-39-62cms-i5-1135G7-Graphics-15s-du3047TX/dp/B08PPZG85B/ref=sr_1_114?dchild=1&keywords=Laptop&qid=1621154756&sr=8-114
Dell Inspiron 3505 15.6-inch FHD Laptop (AMD Ryzen 3 3250U/8GB/1TB HDD/Windows 10/MS Office 2019/AMD Radeon Vega Graphics) Black,"40,399",https://www.amazon.in/Dell-Inspiron-15-6-inch-Laptop-Graphics/dp/B08R9VSSM5/ref=sr_1_115?dchild=1&keywords=Laptop&qid=1621154756&sr=8-115
"Lenovo V14 Intel Core i5 10th Gen 14"" (35.56cms) Full HD Thin and Light Laptop (8GB RAM/ 256GB SSD/ Windows 10 Home/ Grey/ 1.6 kg), 82C4015VIH","43,490",https://www.amazon.in/Lenovo-14-inch-Laptop-Windows-82C4015VIH/dp/B08BXY8R8Z/ref=sr_1_117?dchild=1&keywords=Laptop&qid=1621154756&sr=8-117
"HP 14 10th Gen Core i3 14"" (35.56cms) Laptop with 4G (LTE), 8GB RAM, 1TB HDD, 14"" (35.56cms) FHD Screen, Windows 10, MS Office(14s-er0004TU)","43,990",https://www.amazon.in/HP-14-inch-i3-1005G1-Natural-14s-er0004TU/dp/B08HHB9Q2M/ref=sr_1_113?dchild=1&keywords=Laptop&qid=1621154756&sr=8-113
"Lenovo Ideapad L340 Intel Core i5 9th Gen 15.6” FHD Gaming (8GB/1TB HDD/Windows 10/NVIDIA GeForce GTX 10503GB GDDR5/Granite Black/2.19kg),81LK01QTIN","49,490",https://www.amazon.in/Lenovo-Ideapad-Windows-GeForce-81LK01QTIN/dp/B092MTLNBB/ref=sr_1_114?dchild=1&keywords=Laptop&qid=1621154756&sr=8-114
"ASUS VivoBook S S14 Intel Core i5-1135G7 11th Gen, 14-inch FHD Thin and Light Laptop (8GB RAM/512GB SSD + 32GB Optane Memory/Windows 10/Office 2019/Iris X Graphics ;Gaia Green; 1.4 Kg), S433EA-AM503TS","56,990",https://www.amazon.in/ASUS-VivoBook-i5-1135G7-Graphics-S433EA-AM503TS/dp/B08SN9GSP8/ref=sr_1_115?dchild=1&keywords=Laptop&qid=1621154756&sr=8-115
"(Renewed) Fujitsu Intel Core i5 3340M 15.6-Inch (39.62 cms) 1366 X 768 Laptop (8 GB/240 GB/Windows/Intel HD Graphics/Black/2.40 Kg), A573","28,490",https://www.amazon.in/Renewed-Fujitsu-15-6-Inch-Windows-Graphics/dp/B091B818T3/ref=sr_1_116?dchild=1&keywords=Laptop&qid=1621154756&sr=8-116
"HP 245 G7 AMD Ryzen 5 - 3500U 14 inch (35.56 cms) Laptop (8GB RAM/1TB HDD/Windows 10 /Radeon Vega 8 Graphics/NO ODD) 2D5X7PA (1.52kg,Dark ash Silver)","41,990",https://www.amazon.in/HP-245-G7-AMD-Ryzen/dp/B08KQGQYRC/ref=sr_1_117?dchild=1&keywords=Laptop&qid=1621154756&sr=8-117
"Lenovo V145-AMD-A6 15.6 inch HD Laptop (4GB RAM/ 1TB HDD/ Windows 10 Home/ Black/ 2.1 kg), 81MTA000IH","27,977",https://www.amazon.in/Lenovo-V145-AMD-A6-Laptop-Windows-81MTA000IH/dp/B083C9RDCW/ref=sr_1_119?dchild=1&keywords=Laptop&qid=1621154756&sr=8-119
"Lenovo IdeaPad S145 Intel Core i5 10th Gen 15.6"" (39.62 cms) Full HD Thin and Light Laptop (8GB/512GB SSD/Windows10/Office/Platinum Grey/1.85Kg), 81W800HWIN","55,490",https://www.amazon.in/Lenovo-IdeaPad-Windows10-Platinum-81W800HWIN/dp/B08GGC5Y19/ref=sr_1_120?dchild=1&keywords=Laptop&qid=1621154756&sr=8-120
"HP Chromebook 11.6-inch Thin & Light Touchscreen Laptop (MediaTek MT8183/4GB/64GB eMMC/Chrome OS/1.07 kgs/Indigo Blue), 11a-na0002MU","23,522",https://www.amazon.in/HP-Chromebook-11-6-inch-Touchscreen-11a-na0002MU/dp/B08WPNPTDD/ref=sr_1_121?dchild=1&keywords=Laptop&qid=1621154756&sr=8-121
"HP Notebook 250 G7 Laptop 2A9A5PA#ACJ (Intel Celeron N4020/4GB Ram/1TB HDD/15.6 inch HD/Windows 10/Intel UHD Graphics/1.78Kg),Dark Ash Silver","29,499",https://www.amazon.in/HP-Notebook-2A9A5PA-Celeron-Graphics/dp/B08JQJS9SB/ref=sr_1_122?dchild=1&keywords=Laptop&qid=1621154756&sr=8-122
"Acer Aspire 3 Intel Core i3-10th Gen 15.6 - inch (39.62 cms) 1920 x 1080 Thin and Light Laptop (4GB Ram/1TB HDD/Window 10/Integrated Graphics/Shale Black/1.9 kgs), A315-56","34,425",https://www.amazon.in/Acer-Aspire-Intel-Core-i3-10th/dp/B088CFBQFN/ref=sr_1_123?dchild=1&keywords=Laptop&qid=1621154756&sr=8-123
"ASUS VivoBook 14 (2020) Intel Core i5-1035G1 10th Gen 14-inch (35.56 cms) FHD T&L Laptop (8GB/1TB HDD + 256GB SSD/2GB GeForce MX130 Graphics/Windows 10/MS Office 2019/Silver/1.6 kg), X415JF-EK522TS","53,990",https://www.amazon.in/ASUS-VivoBook-i5-1035G1-Graphics-X415JF-EK522TS/dp/B08JMMP9XJ/ref=sr_1_129?dchild=1&keywords=Laptop&qid=1621154769&sr=8-129
"Dell Inspiron 7306 i7 11th Gen, x360 13.3"" 4K UHD Touch Laptop, 16GB RAM, 512GB SSD + 32GB Optane, Windows 10 Home, Intel Iris XE Graphics, Dell Active Pen, Dell Waves MaxxAudio, Element Black Color","1,17,499",https://www.amazon.in/Dell-Inspiron-Windows-Graphics-MaxxAudio/dp/B08SPJXSZZ/ref=sr_1_130?dchild=1&keywords=Laptop&qid=1621154769&sr=8-130
"(Renewed) HP 15 10th Gen Intel Core i3 15.6-inch FHD Laptop (i3-1005G1/8GB/1TB/Win 10/MS Office/Jet Black/1.85kg), 15q-ds3001TU","37,990",https://www.amazon.in/Renewed-HP-15-6-inch-i3-1005G1-15q-ds3001TU/dp/B08K7JNP8Y/ref=sr_1_131?dchild=1&keywords=Laptop&qid=1621154769&sr=8-131
"Lenovo ThinkPad E15 (2021) Intel Core i5 11th Gen 15.6 inch Full HD Thin and Light Laptop ( 8GB RAM/ 512GB SSD/ Windows 10 Home/ Microsoft Office Home & Student/ Black/ 1.7 kg), 20TDS0DW00","64,990",https://www.amazon.in/Lenovo-ThinkPad-Windows-Microsoft-20TDS0DW00/dp/B093PCT6Z1/ref=sr_1_132?dchild=1&keywords=Laptop&qid=1621154769&sr=8-132
"Lenovo ThinkPad E15 (2021) Intel Core i3 11th Gen 15.6"" FHD Thin and Light Laptop (4GB RAM/256GB SSD/Windows 10/MS Office/Fingerprint Reader/Black/Aluminium Surface/ 1.7 kg), 20TDS0AB00","42,490",https://www.amazon.in/Lenovo-ThinkPad-Fingerprint-Aluminium-20TDS0AB00/dp/B08Y927FK4/ref=sr_1_129?dchild=1&keywords=Laptop&qid=1621154769&sr=8-129
"(Renewed) Lenovo Ideapad Slim 3 AMD Ryzen 3 15.6 inch FHD Thin and Light Laptop (4GB/1TB/Windows 10/MS Office/Grey/1.85Kg), 81W10052IN","27,500",https://www.amazon.in/Renewed-Lenovo-Ideapad-Windows-81W10052IN/dp/B08LNCZ6TH/ref=sr_1_131?dchild=1&keywords=Laptop&qid=1621154769&sr=8-131
"(Renewed) HP Probook Intel 3rd Gen Core i5 15.6-Inch (39.62 cms) 1366x768 Laptop (4 GB/500 GB/Windows 7/Intel Integrated/Copper/2.5 Kg), 6570b-i5-4 GB-500 GB","28,790",https://www.amazon.in/HP-6570b-i5-4-GB-500-GB-Integrated/dp/B07PP9TD3K/ref=sr_1_134?dchild=1&keywords=Laptop&qid=1621154769&sr=8-134
"Lenovo ThinkPad E15 (2021) Intel Core i3 11th Gen 15.6"" FHD Thin and Light Laptop (4GB RAM/256GB SSD/DOS/Fingerprint Reader/Black/Aluminium Surface/Black/ 1.7 kg), 20TDS0A200","39,990",https://www.amazon.in/Lenovo-ThinkPad-Fingerprint-Aluminium-20TDS0A200/dp/B08Y938BLK/ref=sr_1_135?dchild=1&keywords=Laptop&qid=1621154769&sr=8-135
"HP Pavilion x360 Touchscreen 2-in-1 FHD 14-inch (35.56 cms) Laptop (10th Gen Core i3-10110U/8GB/512GB SSD/Win 10/MS Office/Mineral Silver/1.58 kg), 14-dh1178tu","53,490",https://www.amazon.in/HP-Pavilion-Touchscreen-i3-10110U-14-dh1178tu/dp/B08GD95H1N/ref=sr_1_136?dchild=1&keywords=Laptop&qid=1621154769&sr=8-136
Dell Inspiron 3505 15.6-inch FHD Laptop (Ryzen 3 3250U/8GB/256GB SSD+1TB HDD/Windows 10/MS Office 2019/AMD Radeon Vega Graphics) Platinum Silver,"47,300",https://www.amazon.in/Dell-Inspiron-15-6-inch-Laptop-Graphics/dp/B08KY7QQ7H/ref=sr_1_137?dchild=1&keywords=Laptop&qid=1621154769&sr=8-137
"Mi Notebook Horizon Edition 14 Intel Core i5-10210U 10th Gen 14-inch (35.56 cms) Thin and Light Laptop(8GB/512GB SSD/Windows 10/Nvidia MX350 2GB Graphics/Grey/1.35Kg), XMA1904-AR+Webcam","53,999",https://www.amazon.in/Notebook-Horizon-i5-10210U-Graphics-XMA1904-AR/dp/B089F5JGM1/ref=sr_1_138?dchild=1&keywords=Laptop&qid=1621154769&sr=8-138
"HP Pavilion (2021) 11th Gen Core i5 Laptop, 16 GB RAM, 2GB NVIDIA Graphics, 512GB SSD, 15.6""(39.62cms) FHD Screen, Windows 10, MS Office, Finger Print Reader, Alexa Built-in (15-eg0103TX)","70,990",https://www.amazon.in/HP-Pavilion-Graphics-39-62cms-15-eg0103TX/dp/B08XBZBFCQ/ref=sr_1_139?dchild=1&keywords=Laptop&qid=1621154769&sr=8-139
"HP 14s core i5 10th Gen 14"" (35.56cms) FHD Laptop (8 GB/256 GB SSD/1TB HDD/Windows 10/MS Office 2019/Natural Silver /1.43kg) 14s-cr2000tu","58,998",https://www.amazon.in/HP-Laptop-Windows-Natural-14s-cr2000tu/dp/B08428CSZF/ref=sr_1_140?dchild=1&keywords=Laptop&qid=1621154769&sr=8-140
"(Renewed) Dell Latitude Laptop E3380 Intel Core i3 - 6006u Processor 6th Gen, 8 GB Ram & 2TB SSD, 13.3 Inches Screen (Ultra Slim & Light 1.63KG) Notebook Computer","41,190",https://www.amazon.in/Renewed-Dell-Latitude-Laptop-E3380/dp/B093WB9JKF/ref=sr_1_145?dchild=1&keywords=Laptop&qid=1621154783&sr=8-145
"Lenovo IdeaPad Slim 3 10th Gen Intel Core i5 15.6"" (39.62cms) Full HD IPS Thin and Light Laptop (8GB/512GB SSD/Windows 10/MS Office 2019/Fingerprint Reader/Platinum Grey/1.85Kg), 81WE018TIN","57,790",https://www.amazon.in/Lenovo-39-62cms-Fingerprint-Platinum-81WE018TIN/dp/B08PV3L6WR/ref=sr_1_146?dchild=1&keywords=Laptop&qid=1621154783&sr=8-146
"(Renewed) HP 15 10th Gen Intel Core i5 Processor 15.6-inch FHD Laptop (8GB/1TB HDD/Win 10 Home/MS Office/Finger Print Reader/Natural Silver), 15s du1034TU","48,990",https://www.amazon.in/Renewed-HP-Processor-15-6-inch-du1034TU/dp/B08CCTQJYZ/ref=sr_1_147?dchild=1&keywords=Laptop&qid=1621154783&sr=8-147
"Lenovo V14 Intel Core i3 10th Gen 14"" (35.56cms) HD Thin and Light Laptop (i3-1005G1/ 4GB RAM/ 1TB HDD/ Windows 10 Home/ Iron Grey/ 1.6 kg), 82C4016SIH","35,890",https://www.amazon.in/Lenovo-14-inch-Laptop-Windows-82C4016SIH/dp/B08BXZXVV5/ref=sr_1_149?dchild=1&keywords=Laptop&qid=1621154783&sr=8-149
Dell Inspiron 3505 15.6-inch FHD Laptop (AMD Ryzen 3 3250U/8GB/1TB HDD/Windows 10/MS Office 2019/AMD Radeon Vega Graphics) Platinum Silver,"39,495",https://www.amazon.in/Dell-Inspiron-15-6-inch-Laptop-Graphics/dp/B08KWJ4G4R/ref=sr_1_145?dchild=1&keywords=Laptop&qid=1621154783&sr=8-145
"(Renewed) Dell Latitude Laptop E5470 Intel Core i5 6th Gen. - 6200u Processor, 4 GB Ram & 512 GB SSD, 14.1 Inches HD Screen Notebook Computer","47,690",https://www.amazon.in/Renewed-Dell-Latitude-Laptop-E5470/dp/B094CDYH7Q/ref=sr_1_146?dchild=1&keywords=Laptop&qid=1621154783&sr=8-146
"(Renewed) Lenovo ThinkCenter Intel Core i5 3200U -Inch ( cms) 1922 x 1080 Laptop (4 GB/250 GB HDD/Windows 10 Pro/MS Office //Black/2 kg), Lenovo ThinkCenter M92p","14,099",https://www.amazon.in/Renewed-Lenovo-ThinkCenter-Laptop-Windows/dp/B08ZCNS92B/ref=sr_1_147?dchild=1&keywords=Laptop&qid=1621154783&sr=8-147
"Lenovo IdeaPad Slim 3 AMD Ryzen 5 4500U 14"" (35.56cms) Full HD Thin and Light Laptop (8GB/512GB SSD/Windows 10/MS Office 2019/Integrated AMD Radeon Graphics/Platinum Grey/1.5Kg), 81W30057IN","46,990",https://www.amazon.in/Lenovo-IdeaPad-Windows10-Platinum-81W30057IN/dp/B08GG7VG12/ref=sr_1_148?dchild=1&keywords=Laptop&qid=1621154783&sr=8-148
"DELL Inspiron 3505 15.6-inch FHD Laptop (Ryzen 7 3700U, 8GB RAM, 512GB SSD, Vega Graphics, Windows 10, Office H&S 2019) Soft Mint","59,990",https://www.amazon.in/Inspiron-15-6-inch-Laptop-Graphics-Windows/dp/B08MQ1DCGX/ref=sr_1_150?dchild=1&keywords=Laptop&qid=1621154783&sr=8-150
"(Renewed) Dell Latitude Laptop E5470 Intel Core i5 6th Gen. - 6200u Processor, 4 GB Ram & 256 GB SSD, 14.1 Inches HD Screen Notebook Computer","44,890",https://www.amazon.in/Renewed-Dell-Latitude-Laptop-E5470/dp/B094CG5TMD/ref=sr_1_151?dchild=1&keywords=Laptop&qid=1621154783&sr=8-151
"(Renewed) Dell Latitude Laptop E5470 Intel Core i5 6th Gen. - 6200u Processor, 4 GB Ram & 128 GB SSD, 14.1 Inches HD Screen Notebook Computer","43,790",https://www.amazon.in/Renewed-Dell-Latitude-Laptop-E5470/dp/B094CHXWQR/ref=sr_1_152?dchild=1&keywords=Laptop&qid=1621154783&sr=8-152
"Asus VivoBook 15 Core i3 7th Gen - (4 GB/1 TB HDD/Windows 10 Home) X543UA-DM342T Laptop (15.6 inch, Star Grey, 1.90 kg)","34,450",https://www.amazon.in/Asus-VivoBook-Core-7th-X543UA-DM342T/dp/B08NVX36LY/ref=sr_1_154?dchild=1&keywords=Laptop&qid=1621154783&sr=8-154
"(Renewed) Dell Latitude Laptop E5470 Intel Core i5 6th Gen. - 6200u Processor, 8 GB Ram & 256 GB SSD, 14.1 Inches HD Screen Notebook Computer","47,890",https://www.amazon.in/Renewed-Dell-Latitude-Laptop-E5470/dp/B094CBQ32N/ref=sr_1_155?dchild=1&keywords=Laptop&qid=1621154783&sr=8-155
"Acer Nitro 5 Ryzen 5 4600H 15.6-inch Display Thin and Light Gaming Laptop (16GB RAM/512 GB SSD/Win10/GTX 1650 Graphics/Obsidian Black/2.3 Kgs), AN515-44 + Xbox Game Pass for PC","68,990",https://www.amazon.in/Acer-15-6-inch-Graphics-Obsidian-AN515-44/dp/B092VM8GGF/ref=sr_1_161?dchild=1&keywords=Laptop&qid=1621154796&sr=8-161
"HP Envy x360 Convertible Touchscreen 13.3-inch (33.78 cms) FHD Laptop (3rd Gen Ryzen 5 4500U/8GB/512GB SSD/Win 10 Home/Night Fall Black/1.32kg), 13-ay0045AU","73,999",https://www.amazon.in/HP-Convertible-Touchscreen-13-3-inch-13-ay0045AU/dp/B08D5F4B6M/ref=sr_1_162?dchild=1&keywords=Laptop&qid=1621154796&sr=8-162
"ASUS VivoBook 14 (2020) Intel Core i3-1005G1 10th Gen 14-inch (35.56 cms) FHD Thin and Light Laptop (8GB RAM/1TB HDD + 128GB NVMe SSD/Integrated Graphics/Windows 10/Slate Grey/1.6 kg), X415JA-EK331T","39,990",https://www.amazon.in/ASUS-VivoBook-i3-1005G1-Integrated-X415JA-EK331T/dp/B08SNC1PXD/ref=sr_1_163?dchild=1&keywords=Laptop&qid=1621154796&sr=8-163
"HP 14 Laptop 14"" (35.56cms) (Ryzen 5 3500U/8GB/1TB HDD + 256GB SSD/Win 10/Microsoft Office 2019/Radeon Vega 8 Graphics), DK0093AU","51,390",https://www.amazon.in/HP-14-DK0093AU-14-inch-Graphics/dp/B07THW9WFM/ref=sr_1_164?dchild=1&keywords=Laptop&qid=1621154796&sr=8-164
"(Renewed) Dell Latitude E5440 14-Inch Laptop (Core i5 4th Gen/16GB RAM/512GB SSD/Windows 10 Pro/MS Office 2019/More than 4 GB Intel Integrated Graphics), Black","37,999",https://www.amazon.in/Renewed-Dell-Latitude-Integrated-Graphics/dp/B09414NZCG/ref=sr_1_162?dchild=1&keywords=Laptop&qid=1621154796&sr=8-162
Lenovo IdeaPad Flex 5 10th Gen Intel Core i3 14-inch FHD IPS 2-in-1 Touchscreen Laptop (4GB/256GB SSD/Windows10/MS Office 2019/Lenovo Digital Pen Stylus/HD 720p Camera/Graphite Grey/1.5Kg) 81X100NCIN,"48,779",https://www.amazon.in/Lenovo-Touchscreen-Windows10-Graphite-81X100NCIN/dp/B08JCNW4CP/ref=sr_1_163?dchild=1&keywords=Laptop&qid=1621154796&sr=8-163
"HP 15 Thin & Light 15.6""(39.62cms) FHD Laptop (11th Gen Intel Core i5-1135G7, 8GB DDR4, 1TB HDD, Windows 10 Home, MS Office, Integrated Graphics, FPR, Natural Silver, 1.76 Kg), 15s-du3032TU","61,000",https://www.amazon.in/HP-39-62cms-i5-1135G7-Integrated-15s-du3032TU/dp/B08PQPRD69/ref=sr_1_164?dchild=1&keywords=Laptop&qid=1621154796&sr=8-164
Dell Inspiron 3505 15.6-inch FHD Laptop (Ryzen 3 3250U/8GB/1TB HDD/Windows 10/MS Office 2019/AMD Radeon Vega Graphics) Quarry Blue,"39,535",https://www.amazon.in/Dell-Inspiron-15-6-inch-Laptop-Graphics/dp/B08XMJRG1J/ref=sr_1_165?dchild=1&keywords=Laptop&qid=1621154796&sr=8-165
"AVITA LIBER NS14A8INV561-AGA 14-inch Laptop (AMD R503500U/8GB/512GB SSD/Window 10 Home/Integrated Graphics), Anchor Grey","43,990",https://www.amazon.in/AVITA-NS14A8INV561-AGA-R503500U-Integrated-Graphics/dp/B08GM8H475/ref=sr_1_166?dchild=1&keywords=Laptop&qid=1621154796&sr=8-166
"(Renewed) HP Elitebook UltraSlim Hybrid Laptop 840G1 Intel Core i5 - 4300U Processor, 8 GB Ram, 500 GB Harddisk & 256 GB SSD, Windows 10 Pro, 14.1 Inches Notebook Computer","36,890",https://www.amazon.in/Renewed-HP-Elitebook-UltraSlim-Hybrid/dp/B094N5FZV9/ref=sr_1_167?dchild=1&keywords=Laptop&qid=1621154796&sr=8-167
"(Renewed) Dell Latitude Laptop E3380 Intel Core i3 - 6006u Processor 6th Gen, 32 GB Ram & 256 GB SSD, 13.3 Inches Screen (Ultra Slim & Light 1.63KG) Notebook Computer","47,190",https://www.amazon.in/Renewed-Dell-Latitude-Laptop-E3380/dp/B093W1PSPG/ref=sr_1_168?dchild=1&keywords=Laptop&qid=1621154796&sr=8-168
"ASUS VivoBook 15 (2020) Intel Core i5-1035G1 10th Gen, 15.6"" (39.62cms) FHD T&L Laptop (8GB RAM/1TB HDD/Windows 10/Office 2019/Integrated Graphics/Transparent Silver/1.8 Kg), X515JA-EJ502TS","46,200",https://www.amazon.in/ASUS-i5-1035G1-Integrated-Transparent-X515JA-EJ502TS/dp/B08PQW6NW3/ref=sr_1_170?dchild=1&keywords=Laptop&qid=1621154796&sr=8-170
"HP Pavilion Gaming 10th Gen Intel Core i7 Processor 15.6-inch FHD Gaming Laptop (16GB/512GB SSD + 32GB Intel Optane/Windows 10/NVIDIA 1650Ti 4GB/Shadow Black), 15-dk1509TX","91,999",https://www.amazon.in/HP-Pavilion-Processor-15-6-inch-15-dk1509TX/dp/B08ZN7GBQ5/ref=sr_1_171?dchild=1&keywords=Laptop&qid=1621154796&sr=8-171
"HP Pavilion (2021) Thin & Light 11th Gen Core i5 Laptop, 16 GB RAM, 512GB SSD, Iris Xe Graphics, 14-inch (35.56 cms) FHD Screen, Windows 10, MS Office, Backlit Keyboard","68,995",https://www.amazon.in/HP-Pavilion-Graphics-14-inch-Keyboard/dp/B08WBB369L/ref=sr_1_177?dchild=1&keywords=Laptop&qid=1621154809&sr=8-177
"(Renewed) Dell Latitude E6420 14 Inch Laptop (Core I7 2460M/4GB/320GB/Nvidia Dedicated Graphics/Windows Professional/MS Office), Dark Grey","34,000",https://www.amazon.in/Dell-Latitude-E6420-Dedicated-Professional/dp/B07WWGBK47/ref=sr_1_178?dchild=1&keywords=Laptop&qid=1621154809&sr=8-178
"Dell Inspiron 3501 15.6-inch FHD Laptop (10th Gen Core i3-1005G1/4GB/1TB HDD/Windows 10 Home + MS Office/Intel HD Graphics), Accent Black","39,790",https://www.amazon.in/Dell-Inspiron-3501-15-6-inch-i3-1005G1/dp/B08L4RH8JM/ref=sr_1_179?dchild=1&keywords=Laptop&qid=1621154809&sr=8-179
"Lenovo V15 AMD RYZEN 3 3250U 15.6"" (39.62cms) HD Laptop (4GB/1TB/DOS/Grey/1.85Kg),82C70016IH","29,250",https://www.amazon.in/Lenovo-39-62cms-Laptop-1-85Kg-82C70016IH/dp/B08RQ4J6T4/ref=sr_1_180?dchild=1&keywords=Laptop&qid=1621154809&sr=8-180
"(Renewed) Dell Latitude Laptop 3350 Intel Core i3 - 5005u Processor, 4 GB Ram & 128 GB ssd, Win10, 13.3 Inches Notebook Computer","29,540",https://www.amazon.in/Renewed-Dell-Latitude-Laptop-Intel/dp/B09223VHKM/ref=sr_1_181?dchild=1&keywords=Laptop&qid=1621154809&sr=8-181
"Lenovo IdeaPad Slim 3 Intel Core i5 10th Gen 15.6"" (39.62cms) FHD Thin and Light Laptop (8GB/1TB HDD/Windows10/Office/Platinum Grey/1.85Kg), 81WE00RNIN","48,480",https://www.amazon.in/Lenovo-IdeaPad-Windows10-Platinum-81WE00RNIN/dp/B08DY8LRLM/ref=sr_1_178?dchild=1&keywords=Laptop&qid=1621154809&sr=8-178
"(Renewed) Dell Intel 7th Gen Intel Core i5 14.1-Inch (35.81 cms) Full HD (1920 X 1080) Pixels Laptop (8 GB/128 GB SSD/Windows 10 Pro/1.74 Kg), E5480-i5-8-128","45,290",https://www.amazon.in/Renewed-Dell-14-1-Inch-Windows-E5480-i5-8-128/dp/B091N39ZJ6/ref=sr_1_179?dchild=1&keywords=Laptop&qid=1621154809&sr=8-179
"(Renewed) HP Elitebook UltraSlim Laptop 840G1 Intel Core i5 - 4300U Processor, 4 GB Ram & 512 GB SSD, Win10, 14.1 Inches Notebook Computer","35,090",https://www.amazon.in/Renewed-HP-Elitebook-UltraSlim-Laptop/dp/B094N3YT65/ref=sr_1_180?dchild=1&keywords=Laptop&qid=1621154809&sr=8-180
"Dell Inspiron 3505 15.6"" FHD AG Display Laptop (Ryzen-7 3700U / 8GB / 512 SSD / Vega Graphics / Win 10 + MSO/ Soft Mint) D560332WIN9S","61,510",https://www.amazon.in/Dell-Inspiron-Display-Graphics-D560332WIN9S/dp/B08X4PJG61/ref=sr_1_181?dchild=1&keywords=Laptop&qid=1621154809&sr=8-181
"HP 15 (2021) Thin & Light 11th Gen Core i5 Laptop, Iris Xe Graphics, 8 GB RAM, 1TB SSD, 15"" (38.1 cms) FHD Screen, Windows 10, MS Office, Alexa Built-in (15s-fr2005tu)","73,100",https://www.amazon.in/HP-Laptop-Graphics-Windows-15s-fr2005tu/dp/B08P8JCWM2/ref=sr_1_182?dchild=1&keywords=Laptop&qid=1621154809&sr=8-182
"Lenovo V15 AMD RYZEN 3 3250U 15.6-inch HD Laptop (4GB/1TB/DOS/Grey/1.85Kg),82C70016IH","28,990",https://www.amazon.in/Lenovo-15-6-inch-Laptop-1-85Kg-82C70016IH/dp/B08CZX6QKP/ref=sr_1_183?dchild=1&keywords=Laptop&qid=1621154809&sr=8-183
"(Renewed) Dell Latitude Laptop E3380 Intel Core i3 - 6006u Processor 6th Gen, 32 GB Ram & 1TB SSD, 13.3 Inches Screen (Ultra Slim & Light 1.63KG) Notebook Computer","52,590",https://www.amazon.in/Renewed-Dell-Latitude-Laptop-E3380/dp/B093VZKG3C/ref=sr_1_184?dchild=1&keywords=Laptop&qid=1621154809&sr=8-184
"(Renewed) Lenovo T430 14-inch Laptop (Core i7/ 4GB RAM (Upgradable to 16)/320GB HDD/Windows 10 Pro/MS Office 2019, Intel Integrated Graphics, PAN INDIA WARRANTY) Black","37,999",https://www.amazon.in/Lenovo-Upgradable-Integrated-Graphics-WARRANTY/dp/B092ZH1TX3/ref=sr_1_185?dchild=1&keywords=Laptop&qid=1621154809&sr=8-185
"Lenovo V15-ADA AMD RYZEN 3 3250U 15.6-inch HD Laptop (4GB/1TB/Windows 10/Iron Grey),82C700H3IH","29,990",https://www.amazon.in/Lenovo-V15-ADA-15-6-inch-Windows-82C700H3IH/dp/B091KJHJT3/ref=sr_1_186?dchild=1&keywords=Laptop&qid=1621154809&sr=8-186
"(Renewed) Fujitsu Intel Core i5 3340M 15.6-Inch (39.62 cms) 1366 X 768 Laptop (8 GB/320 GB HDD/Windows/Intel HD Graphics/Black/2.40 Kg), A573","26,390",https://www.amazon.in/Renewed-Fujitsu-15-6-Inch-Windows-Graphics/dp/B091B82P1W/ref=sr_1_187?dchild=1&keywords=Laptop&qid=1621154809&sr=8-187
"(Renewed) Fujitsu Intel Core i5 3340M 15.6-Inch (39.62 cms) 1366 X 768 Laptop (8 GB/120 GB SSD/Windows/Intel HD Graphics/Black/2.40 Kg), A573","27,290",https://www.amazon.in/Renewed-Fujitsu-15-6-Inch-Windows-Graphics/dp/B091B86KWR/ref=sr_1_193?dchild=1&keywords=Laptop&qid=1621154822&sr=8-193
Dell Latitude 3510 Intel Core i3-10110U /4GB/1TB/UBUNTU/15.6 INCH Screen/1 Year Warranty,"35,886",https://www.amazon.in/Dell-Latitude-3510-i3-10110U-Warranty/dp/B08B9X82C6/ref=sr_1_194?dchild=1&keywords=Laptop&qid=1621154822&sr=8-194
"(Renewed) Lenovo ThinkPad L460 14inch Laptop (Core i5 6th Gen/4 GB(Upgradable to 16)/320 GB HDD/Windows 10/MS Office Pro 2019/Integrated Graphics/Business Laptop), Black","37,999",https://www.amazon.in/Lenovo-ThinkPad-Upgradable-Integrated-Graphics/dp/B092ZNR5G8/ref=sr_1_195?dchild=1&keywords=Laptop&qid=1621154822&sr=8-195
"Acer Nitro 5 Intel Core i7-9th Gen 17.3-inch Display 1920 x 1080 Gaming Laptop (8GB Ram/1 TB HDD/256 GB SSD/Window 10 Home/4GB NVIDIA GeForce GTX 1650 Graphics/Black), AN517-51","69,990",https://www.amazon.in/Acer-17-3-inch-Display-Graphics-AN517-51/dp/B08D1D82YQ/ref=sr_1_196?dchild=1&keywords=Laptop&qid=1621154822&sr=8-196
"(Renewed) Dell Latitude Laptop E5470 Intel Core i5 6th Gen. - 6200u Processor, 8 GB Ram & 512 GB SSD, 14.1 Inches HD Screen Notebook Computer","50,690",https://www.amazon.in/Renewed-Dell-Latitude-Laptop-E5470/dp/B094C54YH5/ref=sr_1_197?dchild=1&keywords=Laptop&qid=1621154822&sr=8-197
"Lenovo Ideapad S340 Intel Core i5 10th Gen 14"" (35.56cms) FHD Thin and Light Laptop (8GB/512GB/Windows 10/Office 2019/NVIDIA MX230 2GB Graphics/Grey/1.6Kg), 81WJ002SIN","55,990",https://www.amazon.in/Lenovo-Ideapad-Windows-Graphics-81WJ002SIN/dp/B08696H3JD/ref=sr_1_193?dchild=1&keywords=Laptop&qid=1621154822&sr=8-193
Dell Inspiron 3501 15-inch FHD Laptop (11th Gen i5-1135G7/8GB/1TB HDD/256GB SSD/Win 10 + MS Office/2GB Graphics/Soft Mint),"67,850",https://www.amazon.in/Dell-Inspiron-3501-i5-1135G7-Graphics/dp/B08QCKPLZX/ref=sr_1_194?dchild=1&keywords=Laptop&qid=1621154822&sr=8-194
"2021 Newest 15.6"" HP Pavilion HD Laptop, Intel Dual-core Pentium Processor, Intel UHD Graphics, HD Webcam, Bluetooth, HDMI, USB Type-C, Scarlet Red, Windows 10 + Oydisen Cloth (8GB | 256GB SSD)","67,939",https://www.amazon.in/HP-Pavilion-Dual-core-Processor-Bluetooth/dp/B08SLVGHJ5/ref=sr_1_195?dchild=1&keywords=Laptop&qid=1621154822&sr=8-195
"(Renewed) Fujitsu Intel Core i5 3340M 15.6-Inch (39.62 cms) 1366 X 768 Laptop (4 GB/2000 GB HDD/Windows/Intel HD Graphics/Black/2.40 Kg), A573","27,590",https://www.amazon.in/Renewed-Fujitsu-15-6-Inch-Windows-Graphics/dp/B091B42Q2X/ref=sr_1_197?dchild=1&keywords=Laptop&qid=1621154822&sr=8-197
"Lenovo Ideapad S145 AMD Ryzen 5 15.6"" (39.62cms) FHD Laptop (4GB/1TB HDD/Windows 10/MS Office/Grey/1.85Kg), 81UT00J7IN","37,490",https://www.amazon.in/Lenovo-Ideapad-Laptop-Windows-81UT00J7IN/dp/B087D2TWRR/ref=sr_1_199?dchild=1&keywords=Laptop&qid=1621154822&sr=8-199
"(Renewed) Dell Latitude Laptop E5470 Intel Core i5 6th Gen. - 6200u Processor, 4 GB Ram & 2TB SSD, 14.1 Inches HD Screen Notebook Computer","59,990",https://www.amazon.in/Renewed-Dell-Latitude-Laptop-E5470/dp/B094CDX59F/ref=sr_1_201?dchild=1&keywords=Laptop&qid=1621154822&sr=8-201
"Lenovo Ideapad 3 AMD Ryzen 5 14” HD Thin and Light (8GB/512SSD/Win10 + Office Home/AMD Radeon Vega 8 Graphics/Platinum Grey/1.6kg), 81W000RNIN","42,990",https://www.amazon.in/Lenovo-Ideapad-Graphics-Platinum-81W000RNIN/dp/B092MSVGH5/ref=sr_1_203?dchild=1&keywords=Laptop&qid=1621154822&sr=8-203
"Lenovo Ideapad Slim 3 AMD Ryzen 3 3500U 15.6 FHD Thin and Light Laptop (8GB/1TB/Windows/Office/Platinum Grey/1.85Kg), 81W1003EIN","36,590",https://www.amazon.in/Lenovo-Ideapad-Windows-Platinum-81W1003EIN/dp/B08BSH74JC/ref=sr_1_209?dchild=1&keywords=Laptop&qid=1621154835&sr=8-209
"HP 14 11th Gen Intel Core i5 Processor 14-inch(35.6 cm) FHD Laptop (8GB/512GB/Windows 10/MS Office/Natural Silver/1.46Kg), 14s-dr2016tu","57,990",https://www.amazon.in/HP-Processor-14-inch-Windows-14s-dr2016tu/dp/B092MS22P1/ref=sr_1_210?dchild=1&keywords=Laptop&qid=1621154835&sr=8-210
"Acer Aspire 7 Core i5 9th Gen - (8 GB/512 GB SSD/Windows 10 Home/4 GB Graphics/NVIDIA Geforce GTX 1650/60 Hz) A715-75G-50SA Gaming Laptop (15.6 inch, Charcoal Black, 2.15 kg)","54,890",https://www.amazon.in/Acer-Aspire-Core-9th-A715-75G-50SA/dp/B08R7WMQVM/ref=sr_1_211?dchild=1&keywords=Laptop&qid=1621154835&sr=8-211
"Lenovo IdeaPad Slim 3 AMD Athlon Silver 3050U 15.6 inch HD Thin and Light Laptop (4GB/1TB HDD/Windows 10/MS Office 2019/Integrated AMD Radeon Graphics/Platinum Grey/1.85Kg), 81W100W9IN","29,999",https://www.amazon.in/Lenovo-Integrated-Graphics-Platinum-81W100W9IN/dp/B08JCP96XL/ref=sr_1_212?dchild=1&keywords=Laptop&qid=1621154835&sr=8-212
"(Renewed) Fujitsu Intel Core i5 3340M 15.6-Inch (39.62 cms) 1366 X 768 Laptop (4 GB/500 GB HDD/Windows/Intel HD Graphics/Black/2.40 Kg), A573","24,290",https://www.amazon.in/Renewed-Fujitsu-15-6-Inch-Windows-Graphics/dp/B091B7JX1J/ref=sr_1_213?dchild=1&keywords=Laptop&qid=1621154835&sr=8-213
"Lenovo IdeaPad Flex 5 11th Gen Intel Core i7 14-inch FHD IPS 2-in-1 Touchscreen Laptop (16GB/512GB SSD/Win 10/Office 2019/Lenovo Digital Pen Stylus/Fingerprint Reader/Graphite Grey/1.5Kg), 82HS0092IN","96,700",https://www.amazon.in/Lenovo-Touchscreen-Fingerprint-Graphite-82HS0092IN/dp/B08WRZQBQ6/ref=sr_1_209?dchild=1&keywords=Laptop&qid=1621154835&sr=8-209
"Acer Nitro 5 Intel Core i5-11th Generation 144 Hz Refresh Rate 15.6-inch (39.62 cms) Gaming Laptop (8GB Ram/512 GB SSD/Win10/GTX 1650 Graphics/Obsidian Black/2.2 Kgs), AN515-56 + Xbox Game Pass for PC","69,990",https://www.amazon.in/Acer-Generation-15-6-inch-Graphics-AN515-56/dp/B091GPC1VD/ref=sr_1_212?dchild=1&keywords=Laptop&qid=1621154835&sr=8-212
"(Renewed) Fujitsu Intel Core i5 3340M 15.6-Inch (39.62 cms) 1366 X 768 Laptop (16 GB/1000 GB HDD/Windows/Intel HD Graphics/Black/2.40 Kg), A573","34,790",https://www.amazon.in/Renewed-Fujitsu-15-6-Inch-Windows-Graphics/dp/B091B7TQZ1/ref=sr_1_213?dchild=1&keywords=Laptop&qid=1621154835&sr=8-213
"HP Pavilion 13 11th Gen Intel Core i5 13.3"" (33.78 cms) Ultra Thin FHD Laptop (16GB/512GB SSD/Win10/MS Office/Alexa Built-in/Natural Silver/1.24 Kg), 13-bb0075TU","68,990",https://www.amazon.in/HP-Pavilion-Laptop-Natural-13-bb0075TU/dp/B08V5WLM62/ref=sr_1_214?dchild=1&keywords=Laptop&qid=1621154835&sr=8-214
"(Renewed) Fujitsu Intel Core i5 3340M 15.6-Inch (39.62 cms) 1366 X 768 Laptop (4 GB/1000 GB HDD/Windows/Intel HD Graphics/Black/2.40 Kg), A573","25,790",https://www.amazon.in/Renewed-Fujitsu-15-6-Inch-Windows-Graphics/dp/B091B75LB4/ref=sr_1_215?dchild=1&keywords=Laptop&qid=1621154835&sr=8-215
"HP Pavilion Gaming 9th Gen Intel Core i5 Processor 15.6"" (39.62cms) FHD Gaming Laptop (8GB/1TB HDD/M.2 Slot/Windows 10/NVIDIA GTX 1650 4GB/Shadow Black), 15-dk0263TX","68,990",https://www.amazon.in/HP-Pavilion-Processor-15-6-inch-15-dk0263TX/dp/B08CYZM4Y1/ref=sr_1_216?dchild=1&keywords=Laptop&qid=1621154835&sr=8-216
Acer Aspire 5 Thin and Light Laptop Intel Core I5 11th Gen ( 8 GB/512 GB SSD/ Windows 10 Home/ Iris Xe Graphic) A515-56-54FN with 39.6 cm (15.6 Inch) with FHD Display / 1.65 Kgs,"57,000",https://www.amazon.in/Acer-Windows-Graphic-A515-56-54FN-Display/dp/B08XMF2X8M/ref=sr_1_217?dchild=1&keywords=Laptop&qid=1621154835&sr=8-217
"ASUS VIVOBOOK X515JA-EJ321T i3-1005G1//8G/1TB HDD/Slate GREY/15.6""FHD/1Y International Warranty + McAfee//Finger Print/","37,800",https://www.amazon.in/ASUS-VIVOBOOK-X515JA-EJ321T-i3-1005G1-International/dp/B08QG1QCC5/ref=sr_1_218?dchild=1&keywords=Laptop&qid=1621154835&sr=8-218
"HP Pavilion Gaming 10th Gen Intel Core i5 Processor 15.6-inch FHD Gaming Laptop (8GB/512GB SSD + 32GB Intel Optane/Windows 10/NVIDIA 1650Ti 4GB/Shadow Black), 15-dk1508TX","69,490",https://www.amazon.in/HP-Pavilion-Processor-15-6-inch-15-dk1508TX/dp/B08ZN6KNP1/ref=sr_1_219?dchild=1&keywords=Laptop&qid=1621154835&sr=8-219
"(Renewed) Dell Latitude Laptop E5470 Intel Core i5 6th Gen. - 6200u Processor, 4 GB Ram & 1 TB SSD, 14.1 Inches HD Screen Notebook Computer","51,790",https://www.amazon.in/Renewed-Dell-Latitude-Laptop-E5470/dp/B094CD7ZKM/ref=sr_1_225?dchild=1&keywords=Laptop&qid=1621154849&sr=8-225
"AVITA Liber NS14A8INF561-PAF 14"" (35.56cms) Laptop (10th Gen Core i5-10210U/8GB/512GB SSD/Window 10 Home/Integrated Graphics), Golden Matt Black, Special Edition","40,990",https://www.amazon.in/AVITA-NS14A8INF561-PAF-i5-10210U-Integrated-Graphics/dp/B08H17YDFR/ref=sr_1_226?dchild=1&keywords=Laptop&qid=1621154849&sr=8-226
"HP Pavilion x360 (2021) 14"" (35.56cms) FHD Touchscreen Laptop, 11th Gen Core i3, 8 GB RAM, 256GB SSD, 2-in-1 Convertible, Windows 10, MS Office, Finger Print Reader (14-dw1036TU)","48,990",https://www.amazon.in/HP-Pavilion-Touchscreen-Convertible-14-dw1036TU/dp/B08SRDW9ZT/ref=sr_1_227?dchild=1&keywords=Laptop&qid=1621154849&sr=8-227
"(Renewed) HP Probook 6570b-i5-16 GB-120 GB 15.6-inch Laptop (3rd Gen Core i5/16GB/120GB SSD/Windows 7/Integrated Graphics), Copper","37,790",https://www.amazon.in/HP-6570b-i5-16-GB-120-GB-Integrated/dp/B07PRKCK81/ref=sr_1_228?dchild=1&keywords=Laptop&qid=1621154849&sr=8-228
"(Renewed) HP Probook 6570b-i5-16 GB-500 GB 15.6-inch Laptop (3rd Gen Core i5/16GB/500GB/Windows 7/Integrated Graphics), Copper","37,790",https://www.amazon.in/HP-6570b-i5-16-GB-500-GB-Integrated/dp/B07PQFK663/ref=sr_1_229?dchild=1&keywords=Laptop&qid=1621154849&sr=8-229
"(Renewed) HP Probook 6570b-i5-16 GB-320 GB 15.6-inch Laptop (3rd Gen Core i5/16GB/320GB/Windows 7/Integrated Graphics), Copper","36,890",https://www.amazon.in/HP-6570b-i5-16-GB-320-GB-Integrated/dp/B07PRKHNQT/ref=sr_1_225?dchild=1&keywords=Laptop&qid=1621154849&sr=8-225
"2020 Lenovo IdeaPad 14"" Laptop Computer, AMD A6-9220e 1.6GHz, 4GB Memory, 64GB eMMC Flash Memory, AMD Radeon R4, AC WiFi, Microsoft Office 365, 2 Year Warranty, Gray, Windows 10 Home","55,201",https://www.amazon.in/Lenovo-IdeaPad-Computer-A6-9220e-Microsoft/dp/B081F3CBT9/ref=sr_1_227?dchild=1&keywords=Laptop&qid=1621154849&sr=8-227
"(Renewed) Dell Intel 5th Gen Core i5 5675C 15.6-Inch (39.62 cms) HD (1366 X 768) Pixels Laptop (4 GB/500 GB/Windows 10 Home/Black/1.25 Kg), DELL LATITUDE E5550","37,190",https://www.amazon.in/Renewed-Dell-15-6-Inch-DELL-LATITUDE/dp/B08XW1GZQ4/ref=sr_1_228?dchild=1&keywords=Laptop&qid=1621154849&sr=8-228
"Lenovo IdeaPad Gaming 3 10th Gen Intel Core i7 15.6-inch FHD IPS Gaming Laptop (8GB/1TB HDD + 256 GB SSD/Windows 10/NVIDIA GTX 1650 4GB GDDR6/with M100 RGB Gaming Mouse/Onyx Black/2.2Kg), 81Y400VAIN","84,259",https://www.amazon.in/Lenovo-IdeaPad-15-6-inch-Windows-81Y400VAIN/dp/B08PV48PYW/ref=sr_1_229?dchild=1&keywords=Laptop&qid=1621154849&sr=8-229
"HP Laptop 250 G7 (1S5F9PA) Core i5 10th Gen 8Gb Ram/ 1Tb HDD/ 15.6"" (39.62cms)/ DVDRW/Windows 10 Home/ 1 Year Warranty","52,903",https://www.amazon.in/HP-Laptop-Core-DVDRW-Win10/dp/B08DMG6S5R/ref=sr_1_230?dchild=1&keywords=Laptop&qid=1621154849&sr=8-230
"LG Gram 10th Gen Intel Core i7-1065G7 17-inch IPS WQXGA (2560X1600) Thin and Light Laptop (8GB/512GB SSD/Windows 10 64-bit/Dark Silver/1.35kg), 17Z90N","98,947",https://www.amazon.in/LG-i7-1065G7-17-inch-2560X1600-Windows/dp/B08J3D2YHV/ref=sr_1_231?dchild=1&keywords=Laptop&qid=1621154849&sr=8-231
(Renewed) Fujitsu A573 Lifebook with Numeric Keypad Laptop (Intel Core i5 3340m /8 GB/500 GB HDD/Windows 10 / NO Webcam / HDMI / 4 USB/15.6 Inch Screen),"27,290",https://www.amazon.in/Renewed-Fujitsu-Lifebook-Numeric-Windows/dp/B091B95KVZ/ref=sr_1_233?dchild=1&keywords=Laptop&qid=1621154849&sr=8-233
"Lenovo V15 Intel Core i3 10th Generation 15.6 inch Screen Laptop (4 GB RAM, 1 TB HDD/Win 10 Home/ Colour Name / Weight), Model Number 82C5A00AIH","36,800",https://www.amazon.in/Lenovo-Generation-Screen-Laptop-82C5A00AIH/dp/B08KYBTJ7W/ref=sr_1_234?dchild=1&keywords=Laptop&qid=1621154849&sr=8-234
"(Renewed) Fujitsu Intel Core i5 3340M 15.6-Inch (39.62 cms) 1366 X 768 Laptop (4 GB/512 GB SSD/Windows/Intel HD Graphics/Black/2.40 Kg), A573","28,190",https://www.amazon.in/Renewed-Fujitsu-15-6-Inch-Windows-Graphics/dp/B091B71BX8/ref=sr_1_235?dchild=1&keywords=Laptop&qid=1621154849&sr=8-235
"(Renewed) Fujitsu Intel Core i5 3340M 15.6-Inch (39.62 cms) 1366 X 768 Laptop (8 GB/180 GB SSD/Windows/Intel HD Graphics/Black/2.40 Kg), A573","28,040",https://www.amazon.in/Renewed-Fujitsu-15-6-Inch-Windows-Graphics/dp/B091B6T7ZG/ref=sr_1_241?dchild=1&keywords=Laptop&qid=1621154862&sr=8-241
"Lenovo Legion 5Pi 10th Gen Intel Core i7 15.6"" FHD Gaming Laptop (16GB/1TB SSD/Windows 10/MS Office 2019/144 Hz/NVIDIA RTX 2060 6GB GDDR6/with M300 RGB Gaming Mouse/Iron Grey/2.3Kg), 82AW005SIN","1,35,490",https://www.amazon.in/Lenovo-Legion-Gaming-Windows-82AW005SIN/dp/B08CQ21154/ref=sr_1_244?dchild=1&keywords=Laptop&qid=1621154862&sr=8-244
"(Renewed) Lenovo ThinkCenter M80 Desktop (Intel Core i3/2 GB RAM(Upgradable to 8GB) / 250 GB HDD/ Windows 7, MS Office/17 inch HD Monitor (1380 x 800), Intel HD graphics), Black","15,099",https://www.amazon.in/Renewed-Lenovo-ThinkCenter-Upgradable-graphics/dp/B0928VFLSV/ref=sr_1_241?dchild=1&keywords=Laptop&qid=1621154862&sr=8-241
"(Renewed) ASUS VivoBook Ultra 15 (2020) Intel Core i3-1115G4 11th Gen, 15.6-inch (39.62 cms) FHD T&L Laptop (8GB RAM/256GB NVMe SSD/Windows 10/Office 2019/Integrated Graphics/Star Black/1.8 Kg), X513EA-BQ312TS","37,392",https://www.amazon.in/ASUS-i3-1115G4-15-6-inch-Integrated-X513EA-BQ312TS/dp/B094JXNFY8/ref=sr_1_242?dchild=1&keywords=Laptop&qid=1621154862&sr=8-242
"Acer One 14 Z2-485 14-inch Laptop (Core i5- 8250U/4GB RAM/1TB HDD/Windows 10 Home / 3 Years Warranty), Silver","37,950",https://www.amazon.in/One-14-Z2-485-1366x768/dp/B08GZJ25ZN/ref=sr_1_243?dchild=1&keywords=Laptop&qid=1621154862&sr=8-243
"DELL Inspiron 5593 15.6-inch Laptop (10th Gen Core i5-1035G1/8GB/1TB HDD + 256 GB SSD/Window 10 + Microsoft Office/2 GB NVidia MX 230 Graphics), Silver","72,388",https://www.amazon.in/Inspiron-5593-15-6-inch-i5-1035G1-Microsoft/dp/B08BWV7W7R/ref=sr_1_244?dchild=1&keywords=Laptop&qid=1621154862&sr=8-244
"Asus Core i3 10th Gen - (4 GB/512 GB SSD/Windows 10 Home) X413JA-EK267T Thin and Light Laptop (14 inch, Bespoke Black, 1.40 kg)","39,990",https://www.amazon.in/Asus-Core-10th-Gen-X413JA-EK267T/dp/B08T1B7R7M/ref=sr_1_245?dchild=1&keywords=Laptop&qid=1621154862&sr=8-245
"(Renewed) HP Pavilion x360 Core i3 10th Gen 14-inch FHD Touchscreen 2-in-1 Alexa Enabled Laptop (4GB/256GB SSD/Windows 10/MS Office/Inking Pen/Natural Silver/1.59 kg), 14-dh1007TU","48,000",https://www.amazon.in/Renewed-HP-Pavilion-Touchscreen-14-dh1007TU/dp/B07ZF2YCMX/ref=sr_1_246?dchild=1&keywords=Laptop&qid=1621154862&sr=8-246
"HP 15 Intel Core i5 15.6"" (39.62cms) FHD Laptop (i5-8265U/8GB/1TB/Win 10/MS Office/Fingerprint Reader/Natural Silver/1.74kg), 15s-du0051TU","59,851",https://www.amazon.in/HP-15-6-inch-i5-8265U-Fingerprint-15s-du0051TU/dp/B07QNM6MFH/ref=sr_1_247?dchild=1&keywords=Laptop&qid=1621154862&sr=8-247
"(Renewed) Dell Latitude Laptop E5470 Intel Core i5 6th Gen. - 6200u Processor, 8 GB Ram & 1 TB SSD, 14.1 Inches HD Screen Notebook Computer","54,790",https://www.amazon.in/Renewed-Dell-Latitude-Laptop-E5470/dp/B094CL44Q5/ref=sr_1_248?dchild=1&keywords=Laptop&qid=1621154862&sr=8-248
"HP Pavilion x360 (2021) 14"" (35.56cms) FHD Touchscreen Laptop, 11th Gen Core i7, 8 GB RAM, 512GB SSD, 2-in-1 Convertible, Windows 10, MS Office, Finger Print Reader (14-dw1040TU)","78,493",https://www.amazon.in/HP-Pavilion-Touchscreen-Convertible-14-dw1040TU/dp/B08R843NHL/ref=sr_1_250?dchild=1&keywords=Laptop&qid=1621154862&sr=8-250
"Asus Vivobook M515DA-BQ522TS Laptop (AMD Quad Core Ryzen 5/4 GB/256 GB SSD/15.6""/AMD Radeon Vega 8 Graphics/Windows 10/Ms Office 2019","41,475",https://www.amazon.in/Vivobook-M515DA-BQ522TS-Laptop-Graphics-Windows/dp/B08CKSJ8PT/ref=sr_1_257?dchild=1&keywords=Laptop&qid=1621154876&sr=8-257
"(Renewed) HP Intel 3rd Gen Core i5 3360M 15.6-Inch (39.62 cms) 1375 X 768 Laptop (4 GB/320 GB HDD/Windows/Intel HD Graphics/Copper/2.85 Kg), 6570b","27,890",https://www.amazon.in/Renewed-HP-6570b-Probook-Numeric/dp/B082PZTJWD/ref=sr_1_258?dchild=1&keywords=Laptop&qid=1621154876&sr=8-258
"Lenovo IdeaPad Flex 5 AMD Ryzen 5 4500U 14"" FHD IPS 2-in-1 Touchscreen Laptop (8GB/512GB SSD/Win 10/Office/AMD Radeon GFX/Lenovo Digital Pen Stylus/Fingerprint Reader/Graphite Grey/1.5Kg), 81X2004RIN","59,990",https://www.amazon.in/Lenovo-Convertible-Integrated-Graphics-81X2004RIN/dp/B087D47T28/ref=sr_1_260?dchild=1&keywords=Laptop&qid=1621154876&sr=8-260
"Acer Nitro 5 Intel Core i5-10th Gen 15.6-inch (39.62 cms) 144 Hz Refresh Rate Gaming Laptop (8GB RAM/RTX 3060 Graphics/1TB HDD + 256GB SSD/Windows 10/Obsidian Black/2.3 Kgs), AN515-55","89,490",https://www.amazon.in/Acer-15-6-inch-Graphics-Obsidian-AN515-55/dp/B08XYSP1R3/ref=sr_1_257?dchild=1&keywords=Laptop&qid=1621154876&sr=8-257
"MSI Bravo 15 Ryzen 7 4800H 15.6"" (39.62cms) FHD Gaming Laptop (16GB/512GB SSD/144 Hz/Windows 10/ RX5500M,GDDR6 4GB/Black/1.86 kg), A4DDR-212IN","79,990",https://www.amazon.in/MSI-Gaming-Windows-RX5500M-A4DDR-212IN/dp/B08GYH6HKN/ref=sr_1_258?dchild=1&keywords=Laptop&qid=1621154876&sr=8-258
"(Renewed) Dell Latitude Laptop E5470 Intel Core i5 6th Gen. - 6200u Processor, 16 GB Ram & 512 GB SSD, 14.1 Inches HD Screen Notebook Computer","56,690",https://www.amazon.in/Renewed-Dell-Latitude-Laptop-E5470/dp/B094CC5X43/ref=sr_1_259?dchild=1&keywords=Laptop&qid=1621154876&sr=8-259
"(Renewed) Lenovo Intel 4th Gen Core i5 4300U 14-Inch (35.56 cms) Laptop (4 GB/500 GB/DOS/Intel Integrated HD Graphics 620/Black/2.20 Kg), LENOVO THINKPAD L450","27,444",https://www.amazon.in/Renewed-Lenovo-Thinkpad-L450-WEBCAM/dp/B089GNK5J3/ref=sr_1_260?dchild=1&keywords=Laptop&qid=1621154876&sr=8-260
"Lenovo Ideapad C340 AMD Ryzen 3 3200U 2 in 1 Convertible 14 inch FHD Laptop (4GB/256GB SSD/Windows 10/MS Office/Grey/1.65Kg), 81N60042IN","41,990",https://www.amazon.in/Lenovo-Ideapad-Convertible-Windows-81N60042IN/dp/B07YHCKZ98/ref=sr_1_261?dchild=1&keywords=Laptop&qid=1621154876&sr=8-261
"Dell Inspiron 5406 11th Gen 14"" (35.56cms) FHD 2in1 Laptop( i3-1115G4 / 4GB / 256 SSD /Integrated Graphics/ Win 10/MS Office 19/ Active Pen/Platinum Silver),D560365WIN9S","51,377",https://www.amazon.in/Dell-Inspiron-i3-1115G4-Integrated-D560365WIN9S/dp/B08MPVWYBQ/ref=sr_1_262?dchild=1&keywords=Laptop&qid=1621154876&sr=8-262
"ASUS VivoBook Flip 14 TP412FA-EC372TS 14"" (35.56cms) Laptop (10th Gen Core i3-10110U/4GB/512GB SSD/Windows 10 Home (64bit)/Integrated Intel UHD Graphics), Galaxy Blue","47,840",https://www.amazon.in/ASUS-TP412FA-EC372TS-14-0-inch-i3-10110U-Integrated/dp/B08B4VDKXR/ref=sr_1_263?dchild=1&keywords=Laptop&qid=1621154876&sr=8-263
"Dell Inspiron 5409 11th Gen 14"" (35.56cms) FHD Laptop (11th Gen i5-1135G7 / 8 GB / 512 SSD / Intel Iris Xe Graphics / Win 10 + MS Office/ Pebble) D560363WIN9PE","62,490",https://www.amazon.in/Dell-Inspiron-i5-1135G7-Graphics-D560363WIN9PE/dp/B08LNBRKQY/ref=sr_1_264?dchild=1&keywords=Laptop&qid=1621154876&sr=8-264
"Acer Aspire 3 Ryzen 3 15.6-inch Laptop (4GB/1TB/Windows 10/Obsidian Black/2.3kg), A315-42","28,899",https://www.amazon.in/Acer-15-6-inch-Windows-Obsidian-A315-42/dp/B08C339Z1L/ref=sr_1_266?dchild=1&keywords=Laptop&qid=1621154876&sr=8-266
"(Renewed) Lenovo ThinkPad Intel 3rd Gen Core i5 14-Inch (35.56 cms) 1366x768 Laptop (4 GB/320 GB/Windows 10/Intel HD Graphics 4000/Black/1.99 Kg), L430","30,989",https://www.amazon.in/Renewed-HP-Elitebook-Laptop-640G1/dp/B094Q8F8K4/ref=sr_1_275?dchild=1&keywords=Laptop&qid=1621154889&sr=8-275
"(Renewed) HP Elitebook Laptop 640G1 Intel Core i5 - 4300M Processor, 8 GB Ram & 512 GB SSD, Win10, 14.1 inches, Optical Drive Notebook Computer","34,790",https://www.amazon.in/Renewed-HP-Elitebook-Laptop-640G1/dp/B094Q8F8K4/ref=sr_1_275?dchild=1&keywords=Laptop&qid=1621154889&sr=8-275
ASUS VivoBook15 Intel Core i3-1115G4 (8GB RAM/256 GB NVMe SSD/Win10+McAfee/Ms Office H&S 2019/15.6-inch FHD IPS/FP Reader/1.75 kg/Silver/1 Yr. Warranty) X515EA-EJ312TS,"40,198",https://www.amazon.in/ASUS-VivoBook15-i3-1115G4-15-6-inch-X515EA-EJ312TS/dp/B0916C2XM3/ref=sr_1_276?dchild=1&keywords=Laptop&qid=1621154889&sr=8-276
"Lenovo ThinkPad E15 (2021) Intel Core i5 11th Gen 15.6"" FHD IPS Thin and Light Laptop (8GB RAM/512GB SSD/Windows 10/MS Office/Fingerprint Reader/Black/Aluminium Surface/ 1.7 kg), 20TDS0A000","64,990",https://www.amazon.in/Lenovo-ThinkPad-Fingerprint-Aluminium-20TDS0A000/dp/B08Y8ZY5GT/ref=sr_1_277?dchild=1&keywords=Laptop&qid=1621154889&sr=8-277
"ASUS ZenBook Duo 14 (2021), Intel Core i5-1135G7 11th Gen, 14-inch FHD Dual-Screen Touch Laptop (8GB/512GB SSD/Intel Iris Xe Graphics/Office 2019/Windows 10/Celestial Blue/1.62 Kg), UX482EA-KA501TS","1,01,945",https://www.amazon.in/ASUS-i5-1135G7-Dual-Screen-Celestial-UX482EA-KA501TS/dp/B08CGKFW23/ref=sr_1_273?dchild=1&keywords=Laptop&qid=1621154889&sr=8-273
"(Renewed) Lenovo T430 14-inch Laptop (Core i7/ 16GB RAM /1TB HDD/Windows 10 Pro/MS Office 2019, Intel Integrated Graphics, PAN INDIA WARRANTY) Black","53,499",https://www.amazon.in/Renewed-Lenovo-Integrated-Graphics-WARRANTY/dp/B092ZBH1K9/ref=sr_1_274?dchild=1&keywords=Laptop&qid=1621154889&sr=8-274
"(Renewed) Dell Latitude Laptop E5470 Intel Core i5 6th Gen. - 6200u Processor, 64 GB Ram & 512 GB SSD, 14.1 Inches HD Screen Notebook Computer","92,690",https://www.amazon.in/Renewed-Dell-Latitude-Laptop-E5470/dp/B094CB5KVG/ref=sr_1_275?dchild=1&keywords=Laptop&qid=1621154889&sr=8-275
"Dell Inspiron 3501 15.6"" FHD Display Laptop (i5-1135G7 / 8GB / 1TB HDD + 256GB SSD / Integrated Graphics / Win 10 + MSO / Backlit KB / Soft Mint Color) D560412WIN9S","64,998",https://www.amazon.in/Dell-Inspiron-i5-1135G7-Integrated-D560412WIN9S/dp/B093T2SC3W/ref=sr_1_276?dchild=1&keywords=Laptop&qid=1621154889&sr=8-276
"ASUS VivoBook 15 Intel Core i5-1035G1 10th Gen 15.6"" (39.62cms) FHD Thin and Light Laptop (8GB RAM/1TB HDD + 256GB SSD/Windows 10/MS Office 2019/2GB NVIDIA MX330 Graphics/Grey/1.75 kg),X512JP-EJ233TS","64,990",https://www.amazon.in/ASUS-VivoBook-i5-1035G1-15-6-inch-X512JP-EJ233TS/dp/B08D1CV9ZG/ref=sr_1_279?dchild=1&keywords=Laptop&qid=1621154889&sr=8-279
"Microsoft Surface Go MHN-00015 10 inch Touchscreen 2-in-1 Laptop (Intel Pentium Gold Processor/8GB/128GB SSD/Windows 10 Home in S Mode/Intel HD Graphics 615), Platinum","48,900",https://www.amazon.in/Microsoft-MCZ-00015-Integrated-Graphics-Platinum/dp/B07RBQXYH8/ref=sr_1_280?dchild=1&keywords=Laptop&qid=1621154889&sr=8-280
"Lenovo IdeaPad Flex 5 11th Gen Intel Core i5 14-inch FHD IPS 2-in-1 Touchscreen Laptop (8GB/512GB SSD/Win 10/Office 2019/Lenovo Digital Pen Stylus/Fingerprint Reader/Graphite Grey/1.5Kg), 82HS009HIN","70,000",https://www.amazon.in/Lenovo-Touchscreen-Fingerprint-Graphite-82HS009HIN/dp/B08W8LCMS4/ref=sr_1_281?dchild=1&keywords=Laptop&qid=1621154889&sr=8-281
"Acer Nitro 5 Intel Core i5-10th Gen 15.6-inch (39.62 cms) Display T&L Gaming Laptop (8GB Ram/1TB HDD + 256GB SSD/Win10/GTX 1650Ti Graphics/Obsidian Black/2.3 Kgs), AN515-55 + Xbox Game Pass for PC","64,990",https://www.amazon.in/Acer-15-6-inch-Graphics-Obsidian-AN515-55/dp/B088FLY29Z/ref=sr_1_282?dchild=1&keywords=Laptop&qid=1621154889&sr=8-282
"(Renewed) Dell Latitude Laptop E5470 Intel Core i5 6th Gen. - 6200u Processor, 16 GB Ram & 1 TB SSD, 14.1 Inches HD Screen Notebook Computer","60,790",https://www.amazon.in/Renewed-Dell-Latitude-Laptop-E5470/dp/B094C3YS1D/ref=sr_1_283?dchild=1&keywords=Laptop&qid=1621154889&sr=8-283
"(Renewed) Dell Latitude Laptop E5470 Intel Core i5 6th Gen. - 6200u Processor, 8 GB Ram & 2TB SSD, 14.1 Inches HD Screen Notebook Computer","62,990",https://www.amazon.in/Renewed-Dell-Latitude-Laptop-E5470/dp/B094BXY2XP/ref=sr_1_289?dchild=1&keywords=Laptop&qid=1621154902&sr=8-289
"(Renewed) Lenovo Intel 6th Gen Core i5 6300HQ 14-Inch (35.56 cms) 1920x1080 Laptop (8 GB/256 GB SSD/Windows 10/MS Office Pro 2019 /Intel HD/Black/1.90 Kg), Thinkpad L460","39,999",https://www.amazon.in/Renewed-Lenovo-Thinkpad-Integrated-Graphics/dp/B08CB9Y427/ref=sr_1_290?dchild=1&keywords=Laptop&qid=1621154902&sr=8-290
"(Renewed) Dell Intel 6th Gen Core i5-6260U 12.5-Inch (31.75 cms) HD (1366 X 768) Pixels Laptop (4 GB/500 GB/DOS/Intel HD Graphics 520/Black/3 Kg), E5270","30,599",https://www.amazon.in/Renewed-Dell-Latitude-Laptop-WEBCAM/dp/B08F2RXYYW/ref=sr_1_292?dchild=1&keywords=Laptop&qid=1621154902&sr=8-292
"ASUS TUF Gaming F17 Core i5 10th Gen - (8 GB/512 GB SSD/Windows 10 Home/4 GB Graphics/NVIDIA GeForce GTX 1650 Ti/120 Hz) FX766LI-H7058T Gaming Laptop (17.3 inch, Grey Metal, 2.6 kg)","72,690",https://www.amazon.in/ASUS-Gaming-Core-10th-FX766LI-H7058T/dp/B08ZL2Z4QC/ref=sr_1_293?dchild=1&keywords=Laptop&qid=1621154902&sr=8-293
Dell Inspiron 5408 14 inch (35.56 cms) FHD 5000 Series Laptop (10th Gen i5-1035G1/8 GB/512 SSD/2 Gb NVIDIA MX 330 Graphics/Win 10 + MS Office/Pebble) D560210WIN9SE,"62,990",https://www.amazon.in/Dell-Inspiron-i5-1035G1-Graphics-D560210WIN9SE/dp/B08GYQF3CH/ref=sr_1_289?dchild=1&keywords=Laptop&qid=1621154902&sr=8-289
"(Renewed) Lenovo X230 12.4-inch Laptop (3rd Core I5 3210M/4GB/320GB/Window 7 Pro 64 Bit/Integrated Graphics), Black","26,999",https://www.amazon.in/Certified-REFURBISHED-Lenovo-X230-Integrated/dp/B07CTSFJ64/ref=sr_1_291?dchild=1&keywords=Laptop&qid=1621154902&sr=8-291
"(Renewed) Fujitsu Intel Core i5 3340M 15.6-Inch (39.62 cms) 1366 X 768 Laptop (8 GB/2000 GB HDD/Windows/Intel HD Graphics/Black/2.40 Kg), A573","30,590",https://www.amazon.in/Renewed-Fujitsu-15-6-Inch-Windows-Graphics/dp/B091B841J8/ref=sr_1_292?dchild=1&keywords=Laptop&qid=1621154902&sr=8-292
"(Renewed) HP Probook 6570b-i5-8 GB-512 GB 15.6-inch Laptop (3rd Gen Core i5/8GB/512GB SSD/Windows 7/Integrated Graphics), Copper","35,390",https://www.amazon.in/HP-6570b-i5-8-GB-512-GB-Integrated/dp/B07PQFK2ZL/ref=sr_1_293?dchild=1&keywords=Laptop&qid=1621154902&sr=8-293
"Life Digital Laptop 15.6-inch (39.62 cms) (Intel Core i5/4GB RAM/256GB SSD/Type-C Data/Windows 10), ZED AIR CX5","31,990",https://www.amazon.in/LifeDigital-Laptop-Intel%C2%AE-Storage-Windows/dp/B08HRK3CD9/ref=sr_1_294?dchild=1&keywords=Laptop&qid=1621154902&sr=8-294
Dell Inspiron 5406 2in1 14inch FHD Touch Laptop (i3-1115G4/4GB/512GB SSD/Integrated Graphics/Win 10 + MS Office/Titan Grey),"54,750",https://www.amazon.in/Dell-Inspiron-5406-i3-1115G4-Integrated/dp/B07QMN1CRC/ref=sr_1_296?dchild=1&keywords=Laptop&qid=1621154902&sr=8-296
"ASUS VivoBook S14 Intel Core i5-1035G1 10th Gen 14"" (35.56cms) FHD Thin and Light Laptop (8GB RAM/512GB NVMe SSD + 32GB Optane Memory/Windows 10/MS Office 2019/Silver Blue/1.35 kg), S403JA-BM033TS","59,990",https://www.amazon.in/ASUS-VivoBook-i5-1035G1-14-inch-S403JA-BM033TS/dp/B08BPNPW74/ref=sr_1_299?dchild=1&keywords=Laptop&qid=1621154902&sr=8-299
"HP Pavilion x360 Core i3 Touchscreen 14-inch (35.56 cms) FHD Laptop (i3-10110U/8GB/256GB SSD/Win 10/MS Office/Mineral Silver/1.6kg), 14-dh1181tu","55,800",https://www.amazon.in/HP-Pavilion-Touchscreen-i3-10110U-14-dh1181tu/dp/B08HK11NCJ/ref=sr_1_305?dchild=1&keywords=Laptop&qid=1621154915&sr=8-305
Acer One 14 Z2-485 14-inch Laptop Core i5- 8250U/4GB/1TB HDD/DOS with Intel HD 610 Graphics 3 Years Warranty Black,"39,990",https://www.amazon.in/Acer-Z2-485-14-inch-Graphics-Warranty/dp/B08GZFPCGQ/ref=sr_1_306?dchild=1&keywords=Laptop&qid=1621154915&sr=8-306
